316.5855,223.9277,182.3434,551.5497,7.8641,243.1339,361.0877,115.9284,78.6087,468.3799,362.6036,1.6865,508.6837,446.644,385.7292,522.1661,180.9224,366.9186,200.9217,436.4863,189.6325,218.9722,247.9875,269.9356,495.7867,105.5203,141.8014,18.7857,496.6488,3.2835,513.9628,105.5529,78738.9831,86026.8604,69559.8105,99665.7889,74052.5623,79484.3263,85118.6141,82322.0277,98069.1011,86578.633,93016.4133,63145.1829,98353.1952,80225.139,98447.2846,97570.2225,1370374.145
530.3136,68.7031,31.5983,175.2582,516.1441,63.4652,67.0954,369.4486,14.093,375.4462,45.4747,361.9118,297.8632,293.7442,90.5536,3.4209,510.7784,564.9436,324.5823,94.5002,424.137,400.1397,107.3907,248.7212,415.6457,410.1439,156.3712,532.99,280.7516,559.2803,208.7441,531.3943,97185.2149,98165.3309,72204.3398,72338.9003,87955.8108,89862.0451,64664.9272,83920.1033,80968.0044,87108.1328,68065.1856,99061.3812,77549.1426,99013.1628,78234.4337,84633.6493,1340929.765
27.3967,399.0488,565.6854,394.0466,120.2245,558.1293,546.452,27.3256,314.1051,235.9476,514.9275,26.3633,332.2882,518.826,494.6027,514.5393,102.5081,221.2811,303.2901,378.8741,85.5374,90.2488,516.1118,498.6277,435.2397,35.5588,148.9206,48.0585,317.9832,26.8732,483.0186,359.0875,76929.3586,77642.1361,100648.5358,82390.5044,71301.6809,100207.0946,97155.1672,97358.7395,93437.717,69940.2554,92864.1192,60887.8095,72306.6556,81151.1515,83030.9726,94779.6131,1352031.511
346.1526,59.6375,226.2742,280.9095,402.2161,218.7181,207.0407,339.5676,0.0,0.0,175.5163,365.7745,565.6854,179.4148,155.1914,565.6854,441.9194,560.6924,0.0,565.6854,424.9487,429.66,176.7005,217.2239,562.7245,347.2173,0.0,272.3906,178.493,317.5044,235.5983,19.6762,95372.9014,99177.8407,83274.9166,97592.633,98407.212,86929.3962,77898.1893,80399.3841,89349.6141,85048.386,70038.2271,92797.3569,97653.8121,74903.374,71690.6549,96220.4768,1396754.375
317.9144,551.8542,335.4745,40.024,316.6285,365.6434,416.306,562.1028,211.3577,143.1255,516.7467,288.3794,54.9749,38.8434,193.8276,138.5265,94.6465,256.6874,434.6103,114.7701,0.0,143.9788,337.7052,536.6741,143.3888,48.6452,109.5254,377.3113,530.8384,463.1129,42.6895,367.9045,74526.6183,97462.1766,93071.6213,77142.7114,74223.9997,87694.8256,91310.7781,97088.1761,81187.3982,63591.6729,92418.1977,82454.8256,97091.7749,85937.5437,66823.1572,93683.0996,1355708.577
370.1551,438.7171,222.3375,153.161,429.7656,478.7805,303.169,448.9657,98.8592,29.9884,403.6097,401.5165,168.112,143.745,80.6906,251.6636,207.7836,369.8245,321.4733,227.9072,113.1371,157.453,224.5681,423.537,256.5259,161.7823,0.0,264.1742,417.7013,349.9758,155.8266,254.7675,76993.4776,83201.8299,93568.0464,71670.0115,87726.0366,99806.4963,74886.1696,97335.9836,70670.4876,57081.242,86038.342,83643.1803,97737.5596,85684.3216,57476.9499,85025.9075,1308546.042
538.5188,76.2676,0.0,542.6561,549.9406,105.8695,1.9156,45.2259,135.568,437.2929,51.0033,94.0041,517.9721,467.7804,426.4522,561.8662,122.6537,490.759,208.9949,429.0418,538.6863,429.152,532.8778,69.957,525.0923,476.2377,419.254,15.7628,170.1425,53.9149,551.3931,43.4459,94155.5288,85502.3283,76494.6222,92149.9304,97220.2241,84511.2889,100671.0982,86622.2712,98719.391,84873.6747,67588.2722,85893.0351,99546.8789,75793.1427,97675.81,97420.8514,1424838.348
565.6854,362.3064,0.0,146.6763,241.4689,501.8493,397.8953,441.2057,0.0,105.0475,446.9831,489.9839,121.9923,71.8006,48.5109,226.2742,0.0,292.9769,0.0,33.062,142.7065,72.9077,136.898,465.9368,207.3574,135.764,182.373,411.7426,565.6854,393.2962,155.4133,0.0,99282.9713,82517.1212,65856.4494,73603.2753,80693.2047,99873.0843,82968.059,98938.5446,86737.0361,85515.4198,96045.0032,99652.6357,97319.701,92653.9487,91323.4802,73698.8184,1406678.753
565.6854,305.7379,0.0,203.2449,298.0374,445.2808,341.3268,471.9403,56.5685,161.6161,390.4145,433.4153,178.5608,128.3691,105.0795,282.8427,56.5685,349.5454,56.5685,89.6306,138.7969,129.4762,193.4665,409.3683,263.926,192.3325,238.9415,355.1741,509.1169,336.7277,206.8533,0.0,98050.9813,91163.5031,62296.5486,68102.8002,69529.2794,100516.8599,76080.9898,97191.8935,80257.8862,83366.2823,84110.5273,83848.6793,97502.0299,92659.7386,77972.6817,78481.4757,1341132.157
325.1318,22.8951,0.0,290.1721,565.6854,162.4381,58.4841,189.0976,339.4113,444.4588,107.5718,150.5726,461.4035,411.2118,387.9222,565.6854,34.0174,565.6854,339.4113,372.4733,399.5996,397.465,476.3092,126.5255,546.7687,475.1753,521.7842,72.3314,226.2742,53.8849,479.9656,258.2586,72828.733,101269.6951,73242.0248,77607.0409,97493.6933,88166.432,85771.5874,78805.5346,98784.5513,98053.4713,97913.7734,68737.4929,82238.2121,84584.3325,92084.1533,96260.8044,1393841.532
441.1397,505.972,264.0548,58.6973,5.3679,565.6854,515.6628,365.4379,166.449,189.7841,461.5223,556.2275,276.3294,84.8943,332.3409,130.4775,445.1712,124.8831,41.2167,44.8129,71.4242,170.0451,61.1863,475.4075,115.5771,49.177,191.4875,391.8537,388.1246,447.2852,18.7971,250.9077,98612.8867,85896.1296,78253.1669,70170.7005,73674.3846,98574.4402,82920.3838,99556.1074,82085.4509,77563.3915,93965.76,97393.6327,82951.7319,98491.0585,72847.3937,81618.2794,1374574.898
465.4788,243.4757,162.0742,431.4868,532.178,132.4736,368.9713,149.5054,33.9314,491.9981,82.6747,271.2548,358.9985,394.8664,118.4727,304.6293,123.2918,463.4317,565.6854,517.7097,502.2343,445.2991,565.6854,24.8419,394.6227,269.0741,411.6029,103.1848,59.4348,332.2972,498.5847,156.2233,92632.8603,85438.2513,98369.3912,98752.7686,97255.9803,76903.0556,99830.389,66401.1883,61060.2075,96635.0824,63287.1175,70853.4247,80479.2211,87775.6585,85685.7941,79160.6706,1340521.061
467.9544,312.3689,146.0175,320.6233,143.2874,416.8131,39.9021,401.064,84.5127,291.692,482.0991,472.7618,1.015,46.986,267.6132,530.9769,81.7394,317.9259,48.2592,51.3462,100.5857,90.9125,77.9696,492.4612,244.6423,141.3278,0.0026,538.4895,480.1594,157.934,54.6949,20.4729,99028.8951,85163.8267,71144.1706,86264.8755,82799.2125,90903.6278,68888.9954,84935.7991,88182.9379,95257.4464,80394.0971,97157.3606,98979.1992,80702.8801,72829.8048,99405.3857,1382038.515
552.6348,118.4837,83.2322,206.884,529.4462,43.5138,510.9892,97.9624,17.6697,424.8731,197.5857,232.4641,449.3225,315.5084,474.1139,126.4643,67.3613,334.3619,510.3462,449.0747,495.2851,472.399,380.4515,41.343,559.7251,487.6673,533.2561,146.8543,147.2019,20.3169,521.1948,552.8217,97890.4446,77943.0626,81584.1557,92325.9083,98747.9239,72151.9548,91351.6551,74743.9422,99994.8521,78574.6366,98737.2403,83162.1057,93843.896,81164.3112,97410.6396,97648.6938,1417275.423
378.1135,104.8829,35.7713,513.826,259.4719,450.5084,2.8377,499.9902,438.3405,41.1927,182.222,565.6854,152.2047,429.249,1.7865,493.477,36.2131,456.8926,150.869,11.101,16.359,17.5728,544.6579,438.2392,205.8705,17.2142,31.2215,60.8212,481.128,497.3211,57.6298,181.0467,81664.2679,82297.6268,90023.8285,85899.2431,76366.0354,79377.3732,98079.9324,97972.1686,94873.591,85401.4644,82583.2901,97960.0157,97821.8655,98665.8904,78934.4538,98989.406,1426910.453
343.0828,162.8241,207.9425,9.0114,233.5835,471.9428,461.7837,122.136,159.2109,482.8098,565.6854,222.9292,536.0048,94.7086,516.1946,425.6316,57.7872,125.6192,37.4411,565.6854,454.9614,352.341,25.4112,79.4099,473.7233,402.326,515.4237,548.9668,58.5935,138.6624,532.0516,282.0646,90536.562,79289.3077,76357.4735,99048.4396,93274.1536,74530.3221,87407.1084,69552.8283,85218.4619,81562.0141,98431.1049,98291.4316,98152.7795,78263.6926,93247.7514,72718.9196,1375882.351
456.2199,49.687,94.8054,122.1485,346.7206,556.2296,348.6467,235.2731,161.503,369.6727,452.5483,336.0662,422.8677,207.8457,403.0575,538.7687,0.0,238.7562,150.5782,452.5483,341.8243,239.2039,138.5483,192.547,360.5862,289.1889,402.2866,435.8297,171.7306,251.7995,418.9145,168.9275,87559.5286,75096.3145,66483.2297,98195.4128,76119.1149,97677.4763,72577.3753,72035.8702,92717.3229,81149.8328,98904.179,96886.6955,88099.948,74377.2029,93636.8612,85784.3064,1357300.671
565.6854,111.9524,0.0,291.8541,516.4262,474.9361,178.941,404.9787,72.0407,199.9671,282.8427,505.7719,253.1621,377.5513,233.3519,430.7765,44.0052,408.4619,48.5088,282.8427,172.1187,69.4983,308.2539,362.2527,468.8214,119.4833,232.581,266.124,341.4362,289.9834,249.2089,0.0,98872.9542,100213.1974,65163.7532,84725.2867,94835.8337,87596.6643,86220.1839,97363.7106,99187.374,64000.5342,69757.3209,97262.5218,96984.9204,86290.3244,65724.0284,73626.3171,1367824.925
111.2549,73.8711,358.7661,123.3855,9.0935,423.0012,22.2233,527.4008,406.9635,493.6313,27.2641,0.0,8.7858,66.4277,97.2884,549.6182,79.1248,500.9831,447.4943,163.4282,60.6188,171.8918,310.3821,125.3633,39.8064,484.5349,0.0,229.2554,511.0566,265.1638,312.1156,563.0238,79879.9463,98380.4933,86479.3472,88218.4478,67027.7678,97350.5338,83889.1447,97700.9316,83163.4746,85896.6689,66660.3177,63314.3416,92601.4142,78331.4607,91821.5024,97090.4948,1357806.288
392.0231,432.4887,129.7212,496.8316,558.1921,325.4944,410.007,73.8724,21.7317,72.0615,495.0156,514.4105,337.3725,521.3325,52.0065,168.061,152.6585,113.2947,93.6881,17.8555,287.4936,125.9394,286.9326,562.6507,435.2327,74.2337,529.1675,80.9123,182.0328,458.3917,8.7442,53.9854,84011.4062,92953.8624,80876.3861,83472.6504,98492.6512,60237.0287,86270.6015,97519.2223,88361.6278,71597.701,97215.5609,94255.8092,76638.1168,97245.695,59213.763,69836.127,1338198.21
505.1602,319.3516,16.5841,383.8021,500.4205,438.6315,296.8699,187.0095,68.4318,185.1986,381.8785,401.7856,224.2354,408.1955,165.1436,234.7818,39.5214,226.4318,47.9996,130.9926,174.3565,12.8023,400.0696,449.5136,401.3062,74.2337,416.0304,194.0494,295.1699,345.2546,121.8812,167.1225,97540.25,85735.5239,63890.9163,76240.3666,97812.7221,81681.7876,89874.2508,100513.0255,90011.6014,61141.9495,97274.5991,97242.7528,79575.1221,97574.7991,64016.8148,72487.9899,1352614.472
98.7035,51.6464,192.4252,0.0,36.4854,387.5899,110.0894,348.3523,553.9696,539.6924,172.9487,520.2022,51.5745,106.7944,13.0534,513.8612,170.4238,558.6644,380.4076,77.0304,29.2264,474.6247,340.112,69.0691,256.7806,389.8235,1.0428,56.9346,482.4822,42.5609,222.3095,113.1143,84904.1021,97836.6705,93140.8211,75901.6822,69919.3579,97548.8065,85405.3308,83244.0818,97343.2507,97338.526,82821.9266,87123.7573,90316.5788,89016.4831,78945.7624,91073.9776,1401881.115
563.2466,313.3463,95.6792,550.5876,483.0416,531.4678,470.1367,544.0606,56.0884,179.2192,386.2683,61.0232,391.0448,452.2621,515.6335,259.2657,104.298,246.8976,52.9136,464.6384,562.3139,159.4031,484.5575,551.8894,356.3886,37.8868,450.7545,276.79,247.5024,329.4448,62.71,0.0,99404.6057,65016.2457,71588.3677,93218.699,92202.8464,99359.8991,75856.8089,97395.7056,93419.3466,73070.7678,72212.1044,81918.6698,73785.0981,81292.631,76349.4972,73196.0355,1319287.329
506.6781,256.7777,39.1106,494.019,426.473,530.6331,413.5681,487.492,112.657,122.6507,329.6997,117.5918,334.4763,395.6936,459.065,315.8343,47.7295,303.4662,93.849,408.0698,505.7454,102.8345,427.989,495.3209,412.9571,94.4553,394.1859,220.2215,304.071,272.8763,27.3051,56.5685,83846.8748,65701.2509,63652.9709,93268.2517,92280.6926,99158.4238,75748.6814,97374.1615,97089.0605,67073.9595,72018.6705,71576.8227,68783.4306,82097.6941,75009.7076,86580.7015,1291261.355
225.3624,271.5122,104.1987,155.2053,147.0153,132.2942,58.1667,206.6534,392.4437,516.0332,155.7155,253.7467,23.3088,108.9006,35.1176,5.7775,550.5907,280.0434,235.3411,402.5515,293.053,118.7484,20.1622,35.017,198.2865,498.6141,11.7183,57.9338,369.9138,488.4157,552.6498,505.0483,97582.1548,92084.2354,73291.5138,90503.0216,88630.5609,84037.2475,67995.5864,74676.482,94038.8592,97204.3041,68459.8616,85869.84,76765.9509,89007.9268,98918.1725,82454.4609,1361520.178
264.736,117.1348,221.3333,488.3441,396.8974,443.8107,467.184,382.8553,20.104,132.624,499.197,532.0624,511.1838,339.8768,552.2273,505.6666,70.0423,324.2731,195.4822,214.7909,43.4809,63.6297,369.1119,155.6126,506.0956,50.8421,554.5158,414.0095,332.6125,22.49,127.971,167.6313,70729.7526,94537.3094,82236.3785,89262.309,61348.0307,71499.7071,82726.9472,69079.5407,98272.9361,69858.1205,97235.6318,98576.3455,87421.6264,55590.78,102938.2509,93701.6808,1325015.347
421.7152,116.8782,130.9048,32.4592,226.2381,466.0897,0.0,482.5674,528.8124,531.2049,10.1576,16.6054,7.4344,499.4646,69.5233,32.9179,116.0182,514.1159,31.6742,148.9472,528.8704,37.939,316.0966,504.692,193.4694,293.038,97.4846,199.6386,454.0639,555.5894,111.9855,44.4461,80929.5153,92876.9233,86240.2015,82751.8479,97709.4413,89252.4101,79772.6336,82275.8176,92698.3362,99430.6774,61692.6722,86108.8673,85714.1392,97215.6738,90986.7032,68928.456,1374584.316
565.6854,58.1792,56.7924,462.0345,565.6854,362.246,309.5522,3.8556,257.7753,152.4111,421.189,518.5456,382.1196,43.3466,493.0423,477.1624,128.3826,0.0,452.4961,41.7348,182.2303,469.2161,369.8052,210.0051,517.7615,41.9722,502.0417,38.3417,337.679,294.1581,340.7802,390.1835,86657.8345,69080.4725,94782.8486,73909.7086,98739.0841,84064.7298,82489.3268,69021.3641,100364.321,76119.0047,97376.0375,82497.2444,79466.1405,81553.005,92465.5697,100180.4059,1368767.098
60.0537,451.6439,0.0,58.0458,6.4781,332.1378,176.1021,524.9253,275.4529,256.4511,132.994,101.5867,5.0879,553.5309,190.3033,565.6854,27.5336,353.3856,94.4418,510.3768,18.9394,85.5453,265.4549,413.7562,137.0011,503.9473,133.6917,355.6143,481.7479,493.2372,83.0796,193.7699,65276.4534,79289.9869,73786.357,97819.6698,55969.8362,84880.7027,88462.1065,85241.733,84237.6753,97817.7678,79644.8517,89590.2979,83106.7779,97126.2327,75847.4736,99114.4643,1337212.387
386.4932,94.445,495.0507,565.6854,400.209,470.8739,153.4216,137.7487,89.7505,134.2881,338.8793,432.1901,544.7883,97.8923,145.0697,125.8936,178.7996,494.4966,420.0429,0.0,518.1958,262.7593,536.0613,153.2672,421.4433,67.1842,474.0999,218.4753,115.2204,215.2481,428.9521,8.2527,74081.1326,85963.82,97575.1945,99254.4783,97482.9572,94187.8165,98867.3336,86105.7157,67927.4667,73782.3981,85619.4189,80341.0716,98171.8264,84848.525,89313.5774,66675.0276,1380197.76
565.6854,503.5859,47.7589,0.0,175.5468,320.6622,179.2626,532.0924,463.3323,287.287,0.0,439.1183,104.6642,321.7636,52.6097,331.2833,66.6081,182.9133,100.1911,429.1672,0.7594,28.3056,95.604,520.8375,79.5176,487.7905,20.816,178.28,533.6892,565.6854,27.881,429.7881,98681.5372,97430.2251,83744.1557,86341.9973,75704.0293,75912.6295,85591.1414,97171.3763,86871.4594,85993.9288,61984.1734,85952.4288,96737.1666,97915.1512,73004.2462,94691.1448,1383726.791
111.3329,0.0,223.4833,519.7253,535.3046,468.3146,224.8387,35.9359,41.1517,75.7133,551.2482,489.636,533.8073,508.4944,458.5266,346.4318,68.7908,473.8454,322.6147,177.5945,517.4005,332.4171,481.3922,0.8176,506.709,104.9526,565.6854,108.272,84.8176,34.7355,526.9055,115.0535,77092.9666,84121.7144,84271.4651,99862.8946,81729.4483,88553.0737,96031.6624,62990.5941,99624.1015,79391.7529,97226.2334,83671.6588,97340.6292,78347.547,83753.688,81885.4105,1375894.841
394.1273,555.2118,262.6794,0.0,156.5166,340.1924,78.5628,423.1484,531.8232,438.8787,141.8972,48.0151,136.5454,24.0017,147.5375,300.2744,25.4801,67.2668,190.3526,162.5251,10.1455,56.296,79.4375,520.5963,4.266,143.8702,87.6735,518.5853,455.6402,461.5143,157.65,20.1129,86229.0305,97005.172,95500.9008,89310.8596,79921.2218,89030.9982,72654.9933,97176.3892,84392.8484,98199.1424,78170.8258,98815.5589,96590.067,81988.8457,87298.4028,71546.9978,1403832.254
507.332,67.0104,88.7492,540.6308,337.7725,306.6789,301.0545,459.1199,24.3689,142.8405,548.5093,377.8267,205.8306,565.6854,49.5111,520.8281,120.8176,543.2292,124.2586,64.5447,546.6829,226.7159,451.3226,251.6656,327.6432,154.5515,335.7949,74.4236,450.2051,171.3054,54.6571,223.0732,78096.5254,98223.9347,70431.1479,90190.9687,97299.2603,93508.6055,86918.7132,87737.3417,82273.9623,80924.8492,97426.4219,70688.0708,85077.599,101241.2659,65110.59,92095.7047,1377244.961
21.3692,72.6362,191.3822,93.1919,488.1879,561.6649,195.0516,487.86,385.3792,529.8693,88.1789,337.1833,163.4115,101.3954,288.9998,100.6673,92.4132,172.7603,177.3131,455.3112,133.3605,165.1575,110.548,520.5748,344.0939,75.4468,87.1309,539.1371,401.851,383.06,389.2264,308.2771,56935.5508,69602.4385,81253.0203,95844.6145,86717.5744,98256.1445,78619.9165,97115.7809,90735.1603,87729.1887,65933.4252,98468.2348,89661.8105,73526.0799,86080.9746,67840.9706,1324320.885
344.6838,424.0372,197.5565,448.0106,88.6006,142.2472,37.11,112.8077,154.5769,75.444,495.5291,390.7624,533.0474,550.9572,15.0171,552.0828,143.5953,509.2376,25.0315,285.272,348.8978,180.6735,407.5185,106.1005,559.2854,541.0389,354.7255,97.3428,540.7168,468.4038,161.4619,22.4859,79051.2351,90313.3001,72134.0021,77518.8345,90260.995,83797.2695,83427.2437,70890.7531,99023.0602,87350.5257,85597.4683,88882.2005,97162.0055,94732.1152,76667.4678,97580.9566,1374389.433
500.4329,331.0883,22.0732,89.8463,565.6854,453.7985,449.3188,292.1331,407.7438,379.9525,41.5397,536.3387,284.7292,11.1571,555.7493,0.0,156.2544,89.961,309.3698,20.7585,65.2195,122.21,238.8082,509.9051,92.4128,2.126,0.0,529.9625,185.0307,102.8899,232.3903,491.0605,88038.2692,73042.6498,92515.1139,79737.8519,98302.8769,74101.8202,94009.0647,97497.7777,65917.3214,65562.109,69973.1362,97136.7546,87823.4285,88199.3648,97877.8393,97357.1347,1367092.513
91.5454,199.2322,148.3262,438.1493,242.0658,426.6872,88.9972,548.1384,8.3656,174.7333,545.4214,57.309,17.6552,553.5955,16.2971,515.4623,66.9995,508.3855,0.0,451.274,353.4862,39.944,464.1825,65.3952,515.5681,383.5323,471.7248,120.2234,460.3752,407.6167,215.5613,115.8831,83078.263,98296.5627,86146.0695,91710.5929,91181.4797,79150.9451,88697.432,99352.3179,101285.2112,92413.5052,97408.447,79254.1399,80006.908,90152.9587,73649.3097,99228.6115,1431012.754
549.8208,267.6943,147.9414,0.0,518.5536,367.7689,505.3096,131.9638,338.2416,434.8449,173.0223,384.5908,510.796,125.1387,486.7333,1.1059,239.6323,5.1305,487.4397,36.91,108.3969,503.5262,157.1978,392.2328,176.5022,23.6549,15.3863,438.4933,331.7385,126.7119,18.3077,125.6127,99475.4921,72149.5103,97836.2316,69203.7733,85558.5406,97540.194,85654.7826,84000.3616,86729.0618,68293.3274,76391.5053,93980.194,97393.0083,85177.3156,81516.1433,80738.3627,1361637.805
210.4096,0.0,0.0,339.4113,179.1424,565.6854,165.8984,471.3751,0.0,95.4337,512.4335,158.3166,171.3847,464.55,147.322,340.5171,0.0,344.5418,148.0285,376.3213,447.8082,164.115,496.609,52.8215,515.9135,363.0662,354.7975,99.0821,565.6854,436.6484,357.7189,0.0,86782.6972,70992.0106,71709.2834,90440.0163,91802.0288,98562.5515,87721.6778,88033.4075,94621.979,69743.9288,99664.9342,84999.9166,97690.3055,97018.5442,81813.9009,81204.7482,1392801.931
323.5466,113.1371,113.1371,339.4113,292.2795,452.5483,127.3233,565.6854,0.4861,208.5708,491.315,271.4537,58.2476,351.4129,34.185,453.6542,92.6803,457.6789,34.8914,263.7479,334.6711,50.9779,383.472,142.7148,453.3516,263.4282,467.9346,212.2191,452.5483,323.5113,244.5819,109.5469,90171.1828,98959.9944,69104.6656,80376.851,87296.125,78600.0894,94607.2119,97661.6494,86904.9888,78079.6146,97110.5366,71979.1867,86854.1057,90034.303,79512.4872,90724.8331,1377977.825
121.0085,356.2861,77.3737,26.5805,458.6079,555.0979,375.3415,166.1666,456.9067,557.7027,249.1867,407.1708,528.0024,214.2972,518.1296,543.1239,163.2208,505.9382,27.5008,553.1753,0.0,514.7563,273.8732,558.0344,521.5056,415.2835,44.1084,7.5425,458.8228,356.7718,127.8859,213.5511,73184.1754,91007.6224,69139.4883,96982.8367,84531.7438,97188.3659,77133.0727,98534.6846,95830.5265,94214.3204,75329.6523,72979.3992,85584.5524,82492.2145,86216.7531,97918.0236,1378267.432
177.577,299.7175,30.7347,83.1491,402.0394,498.5293,318.773,222.7351,400.3382,501.1342,305.7553,350.6023,471.4339,270.8658,461.5611,535.7702,106.6523,449.3697,59.5549,496.6068,56.5685,458.1877,330.4417,501.4659,520.8057,358.715,100.677,64.111,502.8098,300.2032,184.4545,156.9826,70787.0669,83483.4378,66300.1422,96901.7359,77698.2043,96582.6335,75796.6174,98215.2341,96491.2182,94263.6758,79130.1307,72107.233,98787.1072,65130.2845,93983.3393,98781.4652,1364439.526
417.5468,20.2965,403.5533,500.5487,275.9247,84.3613,69.1379,444.1587,199.398,18.8498,479.8379,161.3482,128.3034,452.0857,13.0153,275.3182,0.0,444.5019,79.6246,77.603,555.3612,148.982,540.6629,143.3261,19.5892,118.9097,507.4377,485.864,110.4717,43.4426,360.8269,35.395,69274.8328,79411.4802,82795.2425,99256.1775,98013.3804,94334.8867,98223.954,98313.7596,79440.3124,76678.7217,97163.0403,87779.1339,94388.6674,81466.8296,72762.4544,81012.7627,1390315.636
319.8882,359.7077,64.1421,165.9496,565.6854,423.7726,408.5492,565.6854,0.0,358.2611,310.9518,423.335,0.0,232.2289,352.4266,565.6854,226.2742,565.6854,0.0,417.0143,215.9499,0.0,201.2516,0.0,359.0005,458.3209,168.0264,146.4527,449.883,382.8539,21.4156,372.0206,92338.8615,97530.8783,72201.226,89864.2339,97041.0596,89876.3001,89175.2895,98039.1145,82393.6395,93382.6554,71070.3524,79806.2846,97948.0556,83763.5282,77350.5494,97330.7872,1409112.816
458.6065,46.2789,254.6219,543.3849,52.4023,520.8418,105.8219,137.8071,548.611,97.5016,368.2655,1.07,415.5032,504.8261,175.8986,26.0913,183.6273,130.6808,406.4315,75.7237,413.1923,565.6854,418.3896,531.4503,485.0071,21.1898,399.4406,538.1598,565.6503,40.0373,564.9799,0.0,95295.764,77425.5002,83925.2469,97856.1564,71901.3836,97193.0957,80106.7062,82418.4446,98102.0133,83783.3506,79006.7931,97261.5576,95073.6883,84480.2714,98659.8874,67678.5022,1390168.362
170.7625,487.4402,0.0,17.2014,399.3947,141.1532,565.6854,289.5624,144.2325,320.9225,255.3922,457.0722,209.0777,121.9818,61.6908,205.4201,97.2794,457.7539,52.952,357.0614,131.7021,14.5881,240.187,190.0809,421.5749,415.3725,391.1614,323.9872,13.1625,315.6426,74.3781,414.9585,74046.5085,97161.1549,60651.5554,85530.1882,84551.3057,61468.8732,97671.2392,83894.7862,92925.3667,93968.1504,84593.1238,91483.3585,74323.928,68756.5063,69546.4765,96584.2367,1317156.758
453.6053,204.5974,282.8427,300.0441,451.3753,423.9959,282.8427,565.6854,0.0,86.339,512.0418,174.2295,0.0,333.695,138.4957,488.2628,0.0,565.6854,0.0,225.2051,410.0517,208.2195,523.0297,0.0,565.6854,132.5298,565.6854,41.1445,296.0052,332.9069,357.2209,132.1158,89068.4765,100397.4564,80644.723,81769.7588,90462.0769,95700.3392,96455.6636,98960.4421,97306.285,77134.07,97189.5842,76480.8529,79039.3841,84225.1199,83406.3476,100882.6955,1429123.276
255.9914,118.4563,40.4939,104.4594,376.3902,539.6674,220.8172,161.8091,539.6102,235.4039,199.4514,517.0257,476.9504,486.0778,349.829,482.0581,563.3901,77.7559,565.2625,565.6854,150.7511,83.1892,37.0214,526.9947,32.1264,113.1884,181.2977,518.7027,443.1415,5.7285,54.5305,65.7423,98180.7502,73793.444,90182.6606,100151.9939,94508.4247,98376.1537,70975.6587,89389.0641,86648.743,86366.8073,89942.92,97401.2846,85075.3571,68227.2005,82579.9977,85229.7508,1397030.211
266.6373,515.357,500.1133,565.6854,8.6283,22.5014,77.9678,552.1982,39.9249,524.2478,449.2607,30.8039,266.5391,65.5947,20.0187,497.8026,14.7605,482.5057,93.4569,83.9527,487.0214,158.2026,546.6609,171.6546,303.9449,433.2885,337.5859,8.2143,272.4719,446.5496,382.3569,37.2863,81478.7787,98096.7485,81940.8735,95434.5876,87648.216,85988.7225,98146.4018,98128.941,90220.3192,88143.4405,80861.3822,81937.2923,85556.594,91571.6153,78463.8612,70734.9581,1394352.732
431.072,92.8143,81.3154,28.5048,435.7672,463.3424,565.6854,42.9779,14.718,165.0323,119.6747,391.6606,9.7459,204.7419,507.0733,359.0537,441.262,121.6849,234.0554,465.659,28.7201,239.0812,79.1057,27.5887,417.3443,36.5632,458.4339,481.8762,298.1054,293.3387,50.6628,430.8967,98997.0517,77680.6103,81245.808,95537.5317,79640.77,98445.2891,97302.3951,68528.5,75068.4087,88945.2176,98369.133,99292.0217,80712.5069,80526.6491,84553.7117,74169.3084,1379014.913
36.8578,452.3768,306.4503,388.5637,38.99,412.5562,218.2807,486.7299,32.3584,432.9617,447.7134,139.6051,559.2628,525.6433,171.7963,498.1835,186.6492,369.3516,262.6417,108.4261,260.2736,9.826,493.8279,410.9099,529.9819,444.125,191.9401,15.4167,470.0712,348.9845,559.6893,293.5064,74263.6421,71455.1106,70518.446,72197.8277,84235.3032,92216.1794,100949.7291,88625.9506,94347.4627,93849.9089,76322.1421,68137.3682,97087.659,90452.3201,98567.6718,78730.6058,1351957.327
267.4275,242.5605,53.8336,45.7036,304.8419,565.6854,1.2529,466.0744,36.6283,68.0642,132.7522,550.8365,326.2222,236.361,172.3778,530.9831,181.0826,502.9531,70.4407,351.9258,5.2397,498.7845,64.4769,127.7553,125.0343,164.1734,290.205,557.1962,470.9195,49.1084,84.9745,118.8825,88574.2682,99506.2813,67004.1594,86462.8224,83780.2365,92073.2021,54036.2843,90401.0494,66867.4974,75617.9364,80080.444,97665.4088,93077.4349,83756.0324,80740.4629,98047.1844,1337690.705
523.9584,213.8309,410.3035,452.8589,535.7048,286.1757,469.805,400.775,6.9383,346.7102,521.2149,100.8589,211.7365,329.0183,235.8115,123.9222,110.7575,85.05,31.9891,3.7982,440.0239,150.9271,518.2494,467.408,565.6854,536.801,537.867,150.0546,166.3617,489.3631,503.981,24.2501,97974.1166,69670.7218,86805.1869,87949.5495,96166.9631,83499.1548,82938.3174,81000.3298,98367.8363,99311.3105,97228.0593,69927.9125,74150.3301,77755.4823,89570.3713,63378.2058,1355693.848
332.1706,174.6044,14.2521,92.9454,52.0632,538.1424,9.595,564.9566,444.5427,181.4567,119.57,308.4247,64.623,401.0879,214.0533,362.1941,16.8473,494.4333,45.7786,269.9816,102.1829,144.7779,228.8622,70.7615,31.1012,109.3354,335.6749,487.1441,564.4147,74.8051,24.1766,520.1414,75644.0718,97471.8655,68867.0701,73106.3166,81347.819,97356.8336,69357.5361,97593.0992,82573.6265,96852.8809,80576.2381,83338.6574,98649.0076,91578.7605,96335.8968,97287.7053,1387937.385
294.4294,118.0359,70.8206,149.514,108.6317,481.5739,66.1636,532.4969,387.9742,238.0253,176.1385,298.51,86.2753,344.5193,157.4848,418.7626,50.1101,478.3004,0.0,213.413,158.7515,88.2093,271.5572,127.3301,87.6698,165.904,392.2434,430.5756,542.809,131.3736,80.7451,463.5729,73981.8172,99979.2455,63595.0274,86105.2436,72984.8955,83954.8136,78634.0401,97874.0281,93522.1379,93363.9562,90128.3491,90524.3866,98288.1218,101158.6077,80497.8737,97324.919,1401917.463
358.4929,446.9598,6.0207,508.6557,270.3164,130.4488,565.6854,66.0536,158.8471,497.6204,556.2794,48.4846,315.0413,549.9324,45.3133,555.5874,15.7695,54.6599,565.6854,412.427,563.727,176.0794,398.6264,354.6099,545.8955,488.5938,297.7181,64.0671,47.0006,488.6257,472.8601,195.0804,71846.5562,81559.9683,100066.9335,76522.485,98180.0793,83680.4197,96587.6973,84234.2715,92024.5319,86687.6241,91912.0492,74858.2378,74521.3803,97542.58,87690.8999,93082.0307,1390997.745
64.4972,170.3598,555.1467,233.4438,316.699,565.6854,188.0778,447.9923,102.5434,20.3836,60.2322,563.8511,3.7062,48.6606,543.415,10.2732,442.7175,381.4382,152.8183,19.9554,32.861,47.7014,221.2464,28.9311,18.866,135.3806,528.6288,387.2742,401.6058,53.1237,99.5465,2.2052,93719.56,98419.926,97371.1617,83772.1117,86175.3297,95056.3941,97203.2537,73913.8133,88130.9129,84146.4698,97347.1739,97094.4551,78265.2793,88830.5836,84009.5017,65336.8609,1408792.787
411.058,60.2186,18.0802,321.2676,429.7947,247.317,515.8552,383.6629,0.0,363.3027,465.5248,28.2294,429.7143,560.0252,111.7743,552.115,95.9304,558.914,117.3831,469.2313,524.8379,466.1949,394.8947,413.1942,441.8968,503.1223,47.1216,37.1287,252.7236,504.0525,379.5961,565.6854,93452.3633,98835.1732,70446.559,73227.8055,89997.1468,81664.8828,85642.2112,75209.6221,89610.1412,81344.4218,101048.5344,67927.5801,83528.8932,89865.7386,80496.8034,97289.2118,1359587.088
204.9315,343.0613,300.9229,565.6854,146.952,486.7888,233.0125,565.6854,219.4129,80.46,182.6821,311.0722,146.8716,290.6493,394.617,269.2723,378.7731,276.0713,383.8369,186.3886,244.7319,411.2232,243.5784,130.3515,565.6854,220.2796,329.9643,319.9714,535.5663,221.2098,463.7172,282.8427,88088.0904,86546.8622,86365.4345,98454.8138,56079.2172,97225.9332,59064.2482,86445.4021,97505.539,56087.5873,69635.6966,79440.1453,85887.6547,68334.1861,99155.5821,65262.4766,1279578.869
431.2056,382.3386,74.6487,339.4113,183.8223,260.5146,459.2867,489.1903,0.0,306.7342,408.9563,197.9351,307.362,249.6305,168.3428,495.5465,218.0941,367.5465,201.2749,64.7135,471.0061,184.949,469.8526,0.0,425.1628,218.2073,556.2385,93.6972,333.218,419.6017,358.2097,173.1865,100395.8677,85095.5691,69226.0348,82393.9224,96009.0536,66835.2531,99362.6571,97848.173,94527.3843,80978.8356,97098.2925,65314.437,76388.1877,88654.7349,74395.7206,99544.4047,1374068.528
31.5527,502.9927,520.8768,0.0,139.6754,541.0229,204.1379,484.4636,546.0712,203.572,86.882,546.5833,222.2065,167.3132,434.7953,453.1199,396.9496,152.6769,376.0714,465.1573,175.3044,306.7448,21.4397,557.7983,560.8454,89.6743,89.429,419.6625,535.5764,331.4555,514.7145,383.5061,88714.4636,91022.6838,80475.51,98519.7225,72824.1374,92948.6863,69400.0524,87291.8696,97352.2555,76745.4926,64754.5712,96302.9545,99318.3252,81561.6251,77233.774,73910.4833,1348376.607
359.5005,223.2721,119.9459,432.65,52.1462,180.7763,503.6263,565.6854,76.7273,300.148,532.6728,39.9307,212.1334,477.1302,21.0388,565.6854,40.8327,409.0785,187.765,166.4665,407.9486,496.0509,523.7766,201.5242,89.3606,447.2537,482.2112,36.4865,141.7046,0.0,87.852,146.3128,77294.7291,84301.539,82144.9885,89206.7178,88376.2978,99014.339,98843.5814,98301.0518,68757.9659,92960.5401,96604.7359,59226.366,85579.2607,86172.7086,63694.4337,86209.0016,1356688.257
167.7848,503.0251,483.2451,29.9408,436.5347,558.7607,53.6362,448.5021,368.9126,179.1496,101.2871,547.7942,171.2889,59.5415,458.1107,2.4201,406.923,146.6721,328.7754,527.3809,407.2504,78.7646,177.8346,119.1705,508.7947,117.1187,395.9952,560.1801,254.3675,485.7939,486.3104,391.4767,89529.2559,98986.1647,97232.1211,99548.9931,80865.1361,100372.0057,70540.303,82834.5266,95233.4778,78346.5919,84681.7662,97227.7618,78434.8041,98453.331,86508.3508,76317.0978,1415111.688
230.4063,258.0614,143.8338,369.3521,97.1234,235.3006,393.0474,565.6854,29.5013,0.0,440.6984,219.6579,289.1344,341.8875,118.6994,341.8313,67.5117,486.0834,87.4797,197.92,565.6854,418.1759,517.2458,0.0,565.6854,251.2883,565.6854,220.7688,565.6854,146.3826,280.0788,53.4787,78919.6383,77158.5874,74604.1523,98450.5362,98840.031,69203.2808,83903.1037,97310.6173,89710.9778,73117.866,97245.3077,87804.6991,98075.584,83700.3658,75197.9301,92276.2074,1375518.885
362.2045,553.0269,62.0625,479.3518,483.1728,537.0411,23.7505,253.0504,446.2251,505.4284,38.9296,500.178,274.9071,279.8741,456.8674,374.9014,555.719,217.6082,481.2427,497.7114,99.5606,74.8804,281.1045,523.1889,273.8064,16.2171,1.7628,166.5606,128.9442,354.1184,447.5318,395.2071,98277.4324,98900.6571,94776.8252,97401.1284,78554.8009,97392.8302,80933.1305,89926.0676,97981.3472,80812.4848,71473.0909,87812.3198,77249.7723,74010.5671,82671.4405,79467.6053,1387641.5
355.4799,187.4894,238.4269,220.4955,132.2422,95.4642,427.4986,113.3548,101.9879,268.9123,498.298,75.538,230.989,364.2723,95.3735,305.5177,210.0282,418.7705,75.8422,146.8706,340.0127,469.0163,279.7057,120.6927,411.2053,422.9025,547.0558,253.2309,253.0176,11.8223,40.1549,75.3163,84817.2327,88952.9837,72335.0372,75924.3243,78834.5729,100431.5264,95338.9619,71129.2487,81395.4097,92266.405,97141.9907,68684.1488,88908.0053,97978.1306,58892.621,86180.283,1339210.882
10.7365,537.2763,18.7216,449.2348,102.9787,307.1526,166.5487,530.4731,58.1624,15.8048,104.6558,467.925,42.0285,21.5501,502.8835,548.8564,441.1628,128.218,565.4072,372.4192,316.3735,6.3095,561.9675,64.5065,414.9515,87.575,91.7682,17.1768,174.5866,348.1415,447.3815,548.9056,85162.4119,97940.5471,97950.4076,80113.8497,92982.7495,84671.0239,98194.4671,85659.6541,91071.8907,69750.6787,90107.6819,79170.9598,82669.8734,76633.1653,86878.2097,97083.8976,1396041.468
391.2301,66.7244,455.1494,27.7859,548.7541,529.6817,424.3437,547.1346,473.0392,479.0236,276.8968,124.1446,493.4452,371.7281,7.7468,97.1493,81.9697,456.6852,237.1125,99.5838,518.4817,380.5869,28.2324,82.9857,553.3099,353.2775,556.5938,552.1206,476.0679,209.0085,161.8744,65.5058,84720.941,83627.1995,80427.4229,78120.5785,97214.525,94441.8717,86797.3271,98903.4195,99297.276,72971.8295,98342.8701,97602.7679,81974.7733,67655.7476,80620.7834,77407.2432,1380126.576
47.449,506.823,0.0,515.0702,47.3532,266.3994,142.6448,490.4694,92.8016,19.1339,414.3588,422.2516,53.6411,0.0,466.0253,496.4739,364.6322,180.9962,449.7404,272.811,0.0,28.7188,516.6139,128.3408,82.3441,221.8399,53.4811,185.3142,500.1135,397.9024,398.6019,565.6854,88509.7603,90411.3791,78665.8255,99803.5107,75803.9851,70706.5714,97746.1303,80318.3898,88978.1263,84646.9203,72680.5154,80529.7307,90084.5603,71735.0488,93768.4307,97076.9296,1361465.815
443.4288,204.1227,395.9798,119.0904,313.3146,565.6854,525.1915,565.6854,20.6663,415.1137,131.5161,225.6699,449.6209,395.9798,70.0455,565.6854,320.6677,547.1616,59.4408,125.6024,395.9798,424.6986,120.6341,0.0,478.3239,157.7299,449.4609,0.0,564.7724,1.9226,223.6709,169.7056,88529.9926,97968.8363,73623.3723,83674.2274,89397.809,97342.6527,84311.6335,99036.3959,94173.582,90712.5582,86194.584,73620.3908,97473.0552,69739.0022,83233.5733,98380.9869,1407412.652
95.9751,536.9437,174.8651,403.9994,119.9522,223.0727,36.6547,12.9119,507.9996,213.1169,565.6854,565.6854,98.2156,12.4923,516.2963,110.8246,71.8973,140.0912,520.6536,336.6565,471.7138,105.3008,472.376,420.9887,362.629,427.6649,451.7838,530.365,14.7398,320.8645,511.2663,555.7758,76856.2541,99136.6557,99749.3632,72185.7333,83268.3935,78821.5476,78377.1232,65368.0467,79590.7816,98478.3386,90775.5745,96960.956,65645.1507,67255.8938,83557.1832,99425.1677,1335452.163
385.8018,197.5325,0.0,565.6854,96.5205,562.484,376.0659,352.3232,168.5884,0.0,226.2742,226.2742,431.3226,351.9036,176.885,450.2358,411.3085,479.5025,181.2423,0.0,213.3698,444.712,132.9647,81.5774,565.6854,88.2536,565.6854,190.9537,354.151,180.8126,313.2845,216.3645,96353.5906,86638.7076,68779.6522,97216.4508,76267.9189,97244.7373,78712.3627,69029.8473,87778.1846,63063.5503,98313.7122,83642.4397,90967.6188,76769.2064,87167.5199,92294.2583,1350239.758
0.2169,563.9455,433.3386,111.0731,480.8435,39.0593,41.3759,443.3234,60.0277,546.3556,300.1354,496.9985,58.6324,217.4161,146.2899,561.0073,218.5642,53.414,426.6461,557.4567,524.8541,178.2913,434.9579,58.9784,31.9473,529.2267,5.1956,156.5329,564.5826,440.0967,510.4024,470.9434,78144.9389,98816.3486,73124.0393,100307.8342,88442.9653,81207.9769,74694.3564,84658.4304,82993.3664,97807.2016,77477.5456,96202.5952,90552.5747,95478.2007,100023.3028,92531.506,1412463.183
396.1967,167.9657,37.3588,507.0529,84.8637,435.039,437.3557,565.6854,253.8607,150.3758,297.7118,101.0187,454.6122,313.9182,254.4418,165.0275,385.2254,449.3938,30.6663,161.4769,135.5463,565.6854,74.2183,0.0,427.9271,133.2469,401.1754,0.0,168.6028,44.1169,150.759,74.9636,93698.0527,95262.5758,59416.9141,99067.178,70961.2422,97182.6552,79793.1689,98179.482,90026.6946,75860.658,90671.0385,62353.7398,90677.7784,79686.6846,88438.3557,73933.0326,1345209.251
339.6282,224.5343,93.9273,450.4843,28.2951,455.309,493.9242,565.6854,197.2921,134.6944,350.3769,157.5872,398.0437,370.4867,197.8732,221.596,328.6568,392.8252,25.2156,218.0455,192.1148,509.1169,130.7868,56.5685,484.4956,189.8155,457.744,56.5685,205.6204,100.6855,207.3275,131.5321,86535.3388,87060.7961,55751.7177,98223.498,76639.6999,97192.248,99744.8939,98600.2354,99294.8699,69825.1378,87326.2522,63622.4198,84552.1548,75147.2019,79870.7474,77389.5426,1336776.754
300.9422,481.0276,565.6854,73.2508,507.2477,5.4231,34.6319,0.0,8.3522,453.9566,74.3053,470.5294,16.6928,95.5359,30.7621,534.4053,380.3317,356.3866,159.2229,212.7733,504.751,190.8239,487.6427,22.9729,546.7232,511.9387,340.5508,444.9097,275.6981,450.4224,430.7695,365.5251,82332.9848,78382.2454,98802.7865,78996.62,97933.6012,58995.2928,99123.2088,71982.4119,98758.618,89741.3555,89309.2773,79843.3325,72386.6728,99763.7749,73845.9312,99617.4804,1369815.594
525.2611,11.469,153.7204,496.8561,238.6895,309.0442,528.3582,429.822,458.3659,48.38,42.1622,408.5769,547.156,366.6132,538.7264,160.2714,88.1779,333.0397,473.9201,511.3678,370.7222,436.9476,33.4834,547.2211,84.1933,433.6666,200.1413,58.9196,536.3312,133.5154,188.4723,188.7938,91003.8255,76500.7638,97434.1293,83193.5166,75285.5194,81558.0922,86550.8991,100036.9269,79657.8536,87802.1529,75348.7649,72304.401,97286.877,91133.061,98526.234,79044.6956,1372667.713
202.4246,326.3263,28.7342,108.6268,40.1756,565.6854,69.5969,353.2147,124.9064,522.4978,556.8095,122.2626,91.8914,306.5673,63.6349,538.3734,550.2099,229.4736,177.122,206.0834,364.4478,127.4973,558.4393,66.0305,492.0835,88.6344,557.0179,264.9219,74.5425,413.2641,475.9666,368.9268,98360.5643,87388.1753,66826.1995,74100.1531,73645.6084,97944.3055,97323.5561,87728.3766,88158.2405,83695.7433,97184.8613,86028.7148,77447.329,93679.2692,71605.1836,95779.0716,1376895.352
546.9428,241.7335,499.2176,181.7086,486.4122,106.9166,547.7096,268.5394,222.5994,173.7678,101.5232,469.9955,415.1109,98.3136,483.4653,26.9403,38.6124,539.06,401.5833,540.3925,543.7274,358.913,149.7903,111.3447,0.0,411.3256,208.2003,183.8022,303.3966,76.7052,267.8306,108.9437,95783.9532,98061.3096,97528.6892,88946.4074,97176.4391,73304.4665,99728.9015,75106.2556,68860.2629,82843.2019,80690.4171,89597.7038,86655.5616,77601.637,93635.0364,72587.9446,1378108.187
201.1836,534.9014,63.1575,326.4818,191.3814,322.3418,18.6447,470.8596,62.084,203.1561,521.3244,16.9683,0.0,469.7455,25.3786,441.3094,550.6813,0.0,22.2606,17.7712,21.4626,284.2095,360.2049,5.4641,472.74,347.6797,197.972,59.9647,468.8549,565.6854,521.0075,523.809,98465.1539,99351.6074,82317.9524,91976.5787,85514.8772,89533.0013,78271.3335,87543.6759,90484.0642,88442.8568,97952.5427,82507.3548,71453.6518,97172.7714,97886.3573,82121.9233,1420995.703
421.7095,70.6284,466.7719,492.0233,235.5251,421.7623,526.2536,548.1547,452.4868,60.7759,110.3137,377.0157,565.6854,129.3116,531.0191,514.9235,58.0647,519.4713,350.9257,524.8197,565.6854,406.2868,364.1075,521.6768,493.2942,13.8603,382.5627,540.6667,460.717,177.9655,0.0,68.1883,87424.1159,93829.3453,70301.4337,88972.2341,100070.6875,71649.0037,84473.1328,98420.9063,76161.1737,68765.9035,83964.2292,101331.3792,93920.2123,73767.0207,94950.4558,98201.6444,1386202.878
169.302,560.7507,118.684,135.6101,320.5062,462.1189,553.1208,266.8394,99.0327,272.2351,506.0176,37.6093,126.675,539.6142,356.8661,173.0377,313.7048,13.3734,171.5752,84.7037,0.0,189.8467,83.2585,9.4628,483.5917,336.8481,322.452,123.3778,407.4473,254.8553,510.678,452.7924,83512.2003,91418.3702,76747.8456,82348.7944,79478.4036,80167.5504,98158.7526,76629.3145,99173.0636,91864.4242,97822.8541,68441.2419,80977.9184,99085.1482,97395.5403,94197.5822,1397419.004
521.0574,108.2024,310.4122,565.6854,0.0,9.8593,114.5049,565.6854,0.0,0.0,53.4693,475.4602,449.1538,87.0658,0.0,565.6854,427.8235,465.9218,132.4216,476.9946,452.5483,302.9838,535.8068,346.132,565.6854,0.0,565.6854,0.0,565.6854,412.034,58.1297,0.244,84834.2944,87050.7273,81759.2337,97516.2331,71417.6074,73053.4746,99447.302,97167.0102,87413.6302,74651.956,99685.6696,92817.6242,97702.8527,77671.4501,84831.4532,96539.7272,1403560.246
82.8016,523.4403,62.1119,8.5101,565.6616,415.3893,565.6854,66.1289,516.1593,491.2447,388.3135,0.0,251.0187,562.7316,355.9522,35.7744,144.9472,0.0,386.8559,49.8563,496.5248,305.4978,128.4581,0.0,106.9857,407.8703,52.1757,478.2054,0.0,184.8961,540.6621,532.1631,86146.6859,85608.2245,96599.2281,80364.1872,97173.6687,82350.3681,87448.0287,83418.2974,73780.4558,86994.327,79868.0784,83303.8941,74898.5247,98464.1046,98450.8707,98308.9601,1393177.904
422.2128,189.4501,401.5232,347.9213,226.2504,565.6854,282.8427,405.5402,176.7481,151.8334,48.9022,339.4113,0.0,225.6413,19.2118,375.1856,468.0705,339.4113,59.3497,389.2675,267.4851,149.7053,467.8694,339.4113,446.3969,68.4591,391.587,138.7941,339.4113,496.637,201.2509,192.7518,97275.7408,74495.639,93230.3264,90318.1411,76771.2462,97993.6323,98360.3982,93870.2614,78232.7885,70021.6621,82941.5717,78586.8745,72434.1619,99313.453,66118.2621,92778.3922,1362742.551
117.5898,447.4676,177.7598,458.7713,139.2699,39.6629,440.2546,383.1279,45.4808,436.7521,411.034,63.2675,454.6919,219.5102,562.5473,551.716,125.694,250.5006,527.0054,81.9306,418.7336,544.3476,21.7286,29.1854,427.1298,411.7301,474.0082,78.0946,547.9956,6.104,411.7036,470.5705,78476.2147,85178.6133,97757.1482,94968.6925,85498.4251,98779.1455,81448.9952,73158.1248,83289.742,82179.4694,85702.0265,70694.7555,97753.4645,75552.6902,90953.6223,97675.8998,1379067.029
467.9656,131.7324,156.5802,49.2836,99.4228,470.5613,135.945,565.6854,413.5881,93.9006,59.6775,364.427,92.9962,312.8727,0.0,33.9699,474.8852,561.2073,276.896,362.8608,344.6482,20.6557,412.519,548.3821,448.1232,38.4873,432.7414,418.3815,204.289,356.8455,503.5234,25.1502,86808.0071,97384.444,80097.8978,70159.6921,83001.9488,97841.489,96320.2865,97082.642,77236.2421,77606.5896,91065.956,71901.6774,66889.2255,69726.9586,90875.0196,63787.1287,1317785.205
411.3971,188.301,100.0116,105.8522,141.9528,413.9927,192.5135,565.6854,357.0195,150.4691,116.2461,408.7641,149.5648,326.2996,56.5685,90.5385,418.3167,504.6388,220.3274,306.2922,401.2167,77.2243,417.453,491.8136,504.6918,95.0558,489.31,361.8129,260.8576,300.277,446.9549,81.7188,92459.3659,98184.4916,57971.9105,69435.3461,70095.4883,96350.3551,86353.617,97225.7216,97733.6274,78093.6007,86414.4281,79423.6578,76201.8612,74007.3366,80856.9993,61320.6765,1302128.484
193.2851,526.4468,506.1702,457.6622,165.7906,351.3426,505.2584,15.7636,13.6268,427.4099,384.0677,180.7859,523.7399,137.9096,565.6854,519.4297,73.2001,66.9009,460.0704,36.952,384.8088,555.6071,17.4505,135.2933,449.2737,559.2295,31.3991,24.2742,394.8534,90.0095,24.4634,550.7087,85436.5853,99817.1229,89693.1156,81195.8593,83335.9272,90252.8459,73760.0564,80263.9017,95564.3396,95585.7878,81766.5945,73711.6007,95127.1851,78738.0366,100429.9005,97044.8535,1401723.713
486.1288,33.081,175.9662,175.0069,61.1722,501.3555,131.469,535.1849,560.9122,234.0605,13.6776,445.8557,47.8212,495.5757,115.3073,0.0,332.6125,468.3943,238.4848,389.1758,341.1729,83.9414,350.1425,346.5419,554.0753,225.8261,369.47,544.2562,522.2132,509.1988,422.1498,39.0464,78339.1644,85487.9814,79422.0736,92358.5946,72937.3713,97537.1963,75412.3015,96668.3532,97249.6913,80213.5617,74578.0954,95367.1077,97787.2057,86337.8898,98260.8893,67392.3845,1375349.862
156.6916,478.1305,166.8388,553.9477,316.0623,13.1894,503.6791,345.1059,0.0,72.8751,551.9739,0.0,547.7637,50.1722,500.3354,510.3307,39.3064,249.3199,326.8313,226.8223,555.7859,392.0416,75.3196,281.2533,65.7787,67.1954,477.8339,0.3526,121.7117,116.9903,169.2705,506.3763,76027.3378,92997.8269,87288.8694,97656.2881,97858.3891,94975.5832,74684.4342,87481.4662,63851.9102,76807.0384,98737.1096,56421.6229,94222.0495,79189.352,85289.2141,97125.5117,1360614.003
490.2558,44.6436,123.9663,0.0515,50.8377,565.6854,149.1024,545.8409,528.7625,426.1731,99.6788,432.5772,224.2236,554.9349,66.189,40.9298,395.7732,432.3956,14.2409,50.0616,92.0988,101.9073,339.6704,45.9323,494.8978,339.5039,452.6158,460.2381,565.6854,546.4567,565.6854,13.2132,82957.881,73827.6334,81861.7667,68145.0517,76407.9737,97814.3735,88457.5254,83478.2361,82654.9816,71780.8124,91783.2884,81472.5143,97839.1387,97084.0395,97747.4894,67317.8069,1340630.513
78.888,517.3443,530.0257,425.8761,498.8387,19.7785,459.2623,438.5642,250.7627,9.9459,559.0718,14.9817,557.262,186.2532,339.903,541.1509,68.5112,28.5908,534.6077,541.1315,404.1567,442.47,107.6969,52.3015,409.641,2.6764,490.8193,283.9057,167.1335,104.9543,65.9836,353.3005,74490.9014,91804.2622,98820.997,96455.2864,83472.2132,97688.3836,81982.7233,72365.9322,86258.4233,65891.2476,96687.0339,85872.861,98611.6498,80431.8221,74561.3898,95324.7839,1380719.911
462.6157,93.7659,150.0256,555.2318,46.4467,457.7043,128.8173,473.6544,310.8409,353.4645,199.1173,520.6817,321.0646,222.5401,0.0,86.6373,399.3147,438.6418,87.7917,141.5955,351.1785,27.8291,205.1984,78.2536,259.7404,420.1721,44.1225,51.8523,557.3863,478.5001,499.9413,134.2829,97524.1137,87628.3491,82604.7152,98321.0441,77442.2389,67694.9484,79322.5004,86083.0413,84584.874,100010.5358,87334.5263,87706.476,97504.5963,88220.4186,98948.8606,72013.2689,1392944.508
136.0558,420.1694,163.9327,133.2256,557.8551,94.3887,517.4236,278.6967,170.812,72.1635,474.7278,3.298,0.0,403.633,451.106,420.2453,138.7898,177.4416,557.4745,507.3924,536.0643,448.2909,434.564,248.7059,373.8244,69.4495,497.3545,525.2985,181.9448,355.9958,47.5285,548.43,73373.055,91439.4736,98234.1972,83707.5715,97101.6713,75711.3306,88563.0288,73021.9961,89845.0059,66777.9137,88868.0706,95686.4085,73256.4556,73782.7633,98660.696,100165.0121,1368194.65
559.89,83.5205,183.5457,399.1091,114.0313,489.2055,191.5788,350.7765,48.3821,425.4702,368.5779,290.4908,495.5701,43.3864,36.9276,419.8248,542.1017,427.7007,27.1307,21.6398,79.3785,26.5746,138.5387,45.795,261.8593,509.2743,149.7595,21.5397,555.2973,71.7303,539.6547,165.8837,97489.2981,97492.1814,74096.4505,88526.1456,78807.0841,98308.7014,87898.4708,79454.613,86832.9597,80324.5709,78538.6215,65239.335,93744.201,73965.7021,97212.94,94502.0441,1372433.319
112.8893,458.6988,17.5002,468.8664,540.1426,236.4166,345.7258,468.1075,409.0821,24.3573,37.249,467.1136,64.3822,520.3232,525.5891,393.9868,52.2567,41.3418,414.3469,473.4032,481.4716,425.9482,377.3751,93.0239,500.8137,19.6184,509.5016,540.5596,222.0593,560.116,91.1102,442.8845,76032.311,73147.0355,88207.3966,70748.2355,95796.385,84369.3403,61901.59,87953.3926,76452.1991,67560.844,99192.4006,84018.9852,74947.0111,96967.3836,98153.4797,60101.8556,1295549.846
534.9919,131.3574,283.1664,112.0248,213.6906,415.93,315.9088,435.1412,55.7425,440.6856,508.6508,91.4691,344.6595,16.4206,12.4339,219.9028,542.9679,490.375,206.6627,57.7,167.9178,0.0,36.8176,181.5973,485.3511,459.5331,53.7288,9.8012,428.6145,13.5941,565.6854,46.8774,97029.9571,98613.1412,86531.1399,72016.0093,74576.5127,85839.7692,89124.1242,96412.4654,92549.3745,87073.661,98252.9645,59649.2623,83140.629,66089.1429,97888.9313,78131.3132,1362918.398
10.1803,328.3954,180.8186,414.1425,29.1102,492.32,324.5326,485.9839,552.7811,30.9414,0.0,464.765,97.6486,517.2332,550.0448,560.3712,180.9318,79.6943,543.8913,519.852,493.1623,511.2266,431.2928,120.4621,287.1521,94.0495,533.9078,461.4601,561.7806,558.9495,128.4743,530.1665,79488.1298,78402.6917,98751.0111,84794.4775,80932.245,72046.6278,73508.3,80414.6925,98248.6037,76306.2726,88372.2557,70446.2616,97274.7176,97395.8166,96702.0693,98825.2665,1371909.439
374.8314,563.4603,56.524,468.734,231.5694,176.6976,130.5326,519.8199,66.9479,507.116,264.4096,12.1464,449.519,135.5555,92.1419,118.5317,424.8985,512.4007,42.6914,15.9551,0.0,68.9897,145.8821,0.0,406.5288,152.0797,223.1484,0.0,150.8334,401.1456,565.6854,11.0216,91815.1193,97029.5497,69820.5135,87641.1063,84216.8259,84419.9899,83707.5393,98695.8897,89463.3457,97146.0225,87933.7649,59581.8712,86150.861,98197.8649,97975.698,69762.1436,1383558.105
