427.0737,155.1636,476.0661,5.7677,255.523,410.5835,516.3158,47.4719,75.7125,463.0522,155.2993,102.0648,285.6437,543.5547,566,270.7928,226.7966,357.2538,343.0548,566.1,489.1197,482.0914,36.5223,521.2109,354.3689,77.925,88.6861,491.9344,335.2852,235.1781,4.6442,88.1771,86212.6923,88756.2308,97707.8132,98008.5722,98716.5892,96457.7616,96773.6993,100328.8932,79696.1132,90093.0925,79395.6995,100893.8537,91116.6415,98560.67,99789.2341,78199.7899,1480707.346
427.482,147.4593,474.996,9.5407,258.2593,404.2589,524.3422,44.4009,70.4385,468.8828,159.6474,106.3439,280.748,553.2837,566.0,263.2385,218.2468,347.1482,332.9649,566.0,484.4616,471.9044,48.0358,519.1315,364.8982,65.3082,101.1422,490.5889,345.8587,239.1995,12.1615,68.4592,85072.1153,89537.7844,97471.8644,97784.4832,98897.57,96694.4862,95547.8933,98879.6861,82893.9171,89158.6518,80356.5067,100927.1007,89760.5631,97828.2206,99214.7876,79108.3094,1479133.94
423.7709,155.9451,470.8182,4.0438,253.8868,390.2231,509.0224,50.7996,72.8076,463.4203,155.5628,96.4738,290.1398,547.1974,554.8533,251.877,202.976,352.5276,347.6675,563.4937,475.9432,486.7068,54.9416,525.0178,371.9532,81.5468,95.3886,475.8627,350.7924,240.0667,7.0359,86.0173,83820.2398,86874.1779,97521.987,98715.677,97482.5776,96537.7309,94230.9109,100504.037,81572.782,89932.3496,80588.313,100977.1693,90274.1347,97757.2251,99333.6857,79691.2458,1475814.243
431.8288,146.672,466.1145,7.0164,261.3787,408.9941,521.9852,44.036,77.5854,450.5736,153.5447,108.9839,296.2685,540.7769,565.139,256.4509,219.6163,349.6021,349.907,554.4477,483.0268,477.2764,41.7047,513.8518,371.2593,77.4516,92.7453,478.5863,348.8754,227.384,1.0817,78.1879,87265.1353,89619.0302,98121.2873,98158.007,98952.2592,96479.0401,96669.7436,99857.6062,82267.0302,88657.7954,79139.2437,100480.0554,91102.1702,98224.0435,100672.3076,78387.9296,1484052.684
437.7897,141.3579,474.3819,4.3434,256.5644,393.0113,516.1617,52.488,66.1179,457.0365,165.1748,105.4829,283.907,552.3903,566.0,268.0366,221.9707,350.0474,334.5915,559.6716,479.2224,478.8008,38.215,503.1606,372.2845,82.0181,87.2123,482.1999,346.8257,226.7739,0.0,83.0666,86643.6528,88612.9918,97377.6322,96779.8065,98588.3101,96603.488,95912.3167,99953.9882,80579.2854,88819.3409,80145.6969,100693.3759,89663.6079,97947.9575,100924.1871,80104.724,1479350.362
450.898,144.7559,475.3267,2.5512,241.1346,400.2228,510.2312,54.6467,78.7078,466.5793,161.9662,99.769,290.2338,545.9282,559.4819,263.77,236.0611,366.9779,332.8841,559.1812,482.8782,478.6326,43.32,517.8953,373.6055,68.8797,101.4923,482.3627,334.8205,218.6794,0.0,79.9809,87704.5032,88290.4496,97658.8865,98324.3528,98623.6073,96606.1148,94731.8943,101316.4648,77925.4484,87779.9566,81388.1816,100582.6873,91470.9832,97741.047,100097.4638,79993.7164,1480235.758
438.4449,145.8895,480.3081,0.0,257.6128,406.4007,518.2356,45.647,72.237,463.7746,179.9617,116.4523,283.219,549.8353,560.195,274.7229,248.6789,348.3283,346.8845,557.489,472.2705,455.1495,44.0591,518.4353,374.2728,75.7245,80.4783,490.508,356.4677,224.04,12.6368,69.6172,88518.2294,89377.654,97710.1788,98794.9496,98711.4125,96861.8755,94876.9247,101263.256,83744.1701,89760.5214,79319.8657,99682.5028,89471.1233,98482.9333,98829.3857,78649.5447,1484054.528
424.023,149.598,475.549,6.5324,248.6003,411.4488,510.8031,51.3025,77.3265,465.1731,168.1048,105.3743,289.0274,547.1969,564.4437,270.8756,223.1294,347.0249,337.9013,553.6709,475.6166,459.2803,53.7027,516.6668,374.935,89.3824,92.6343,474.7915,344.4997,224.9296,5.3101,78.4871,87599.3607,90318.8385,97951.8684,98724.2927,98404.9329,96725.3371,93752.5629,100718.7541,81376.6988,89672.0156,80476.5874,101344.7753,91465.2495,98261.472,99441.7509,78232.1068,1484466.604
439.7945,150.9443,462.8802,0.0,256.5223,402.1251,524.6089,52.3963,77.1711,464.1097,169.6676,110.3826,280.2615,538.0898,565.3818,286.5668,235.7965,352.6684,334.8162,555.8774,479.1644,466.7669,47.5681,511.8751,374.3035,79.0846,89.0713,485.4351,345.9197,213.3402,4.6677,77.3412,88810.2929,89361.7111,98075.8842,98344.5764,98741.991,96704.2089,96362.4553,100994.2872,81760.3887,90067.2775,80112.7795,101038.5411,89971.7756,97755.5738,100208.6156,78694.9356,1487005.295
445.5542,146.2119,465.4023,5.4237,260.983,408.2051,509.7389,48.9131,74.1388,463.7998,168.3094,91.6755,280.4376,539.496,555.4662,282.6553,228.9758,340.0057,336.7134,555.1771,473.9509,464.0586,29.9347,517.1809,381.696,79.2613,91.137,485.9313,349.1302,230.0207,5.4065,77.8418,85987.7338,89515.2742,98057.1945,98510.926,98845.6485,96717.0132,95277.1577,99844.0205,83527.5081,88033.8901,80544.5243,100202.3354,88955.1977,98084.7602,99410.9077,78834.5239,1480348.616
447.3091,149.1706,472.1891,0.0,247.5049,403.0306,512.4737,49.1549,76.1663,463.9086,161.3395,101.8507,281.5752,541.3744,560.4002,283.7559,230.8167,363.8098,334.9116,551.698,472.1703,458.8735,48.4248,526.2818,374.9558,79.1964,94.6199,484.2089,349.418,223.2019,0.0,67.6781,87009.7348,90476.1751,97881.818,97490.2517,98645.2739,96712.4702,95305.6093,100824.6375,81035.6526,88418.1009,80365.2055,101368.6018,90622.4641,98133.174,100522.5013,78754.1795,1483565.85
70.5083,496.0121,316.5676,467.2496,116.5281,351.3212,81.2493,259.957,510.9015,238.4023,339.0241,195.1601,63.2079,516.0898,265.3091,542.1006,79.0829,241.887,16.9607,123.2661,359.3952,90.7804,205.5691,227.3234,154.2355,119.1873,515.2157,79.0154,372.7091,53.2834,308.9468,412.9918,71574.4152,89467.6033,70369.8949,72104.4207,95082.3251,78984.4378,80982.24,80567.3685,91204.5412,79149.4502,96657.9794,66757.2619,93794.8817,93044.4674,89310.6872,96501.9756,1345553.95
342.7972,566.0,394.0512,44.9125,0.0,490.945,204.4421,160.0566,381.8684,370.1962,204.3649,566.0,0.0,446.1985,444.2124,189.125,280.1599,530.9966,566.0,509.3239,0.0,280.3206,383.4624,566.0,66.9826,236.9318,266.4385,180.0965,198.1845,524.0051,7.8247,215.881,85207.4628,96641.6148,99493.6054,89586.048,66144.6745,92050.7584,87183.758,97339.0285,80208.7506,78874.5364,78965.6447,98084.698,78808.2092,99041.4596,86314.0737,65613.8265,1379558.149
175.5744,248.0372,352.6653,0.0,0.0,130.4758,0.0,183.2771,338.9597,501.1563,566.0,418.6392,235.577,82.8728,268.6268,262.3004,558.3565,296.9274,566.0,201.9212,253.5817,63.1198,380.0794,398.8697,73.9224,556.4518,374.9593,0.0,238.8789,566.0,374.8299,102.9983,98489.3645,77581.8017,98485.5595,63031.438,73401.3525,67549.2841,82075.3538,89788.2691,89348.0624,96556.283,97165.4617,93624.8158,69172.5301,97433.0244,84987.4912,92080.9488,1370771.041
59.9628,439.4877,0.0,31.6201,119.613,474.8103,339.0904,244.7435,566.0,182.2077,443.6413,236.8747,339.506,48.2733,530.8925,560.9061,94.4992,97.1891,566.0,259.0916,566.0,299.369,160.6241,566.0,180.2416,375.0264,0.0,312.4065,367.5775,451.3852,0.0,242.5151,79209.6733,78910.0225,97966.2899,78684.0959,98216.761,97733.9674,87966.0999,96772.3914,86203.7072,92676.4566,76069.6603,90210.9773,97431.7252,83545.1019,90041.9007,97121.3648,1428760.195
566.0,566.0,185.8015,41.2751,409.0435,0.0,326.7389,330.3181,200.2375,300.8602,504.2048,526.9007,167.0416,566.0,331.343,269.313,484.8416,0.0,205.7581,87.8353,517.8794,0.0,54.5954,444.1639,0.0,213.3137,0.0,397.132,471.2606,259.4639,0.0,510.5851,96505.488,95366.7671,76652.2923,70543.1709,98030.3337,65435.821,83126.765,88733.3561,69972.5644,81929.4205,86722.6648,84939.7105,90644.2592,97875.4573,76987.4132,98194.2988,1361659.783
112.2683,404.0548,444.4526,234.2977,71.383,0.0,200.2403,157.1788,551.1346,566.0,0.0,469.1816,0.0,316.4178,566.0,259.856,504.193,0.0,566.0,126.3016,436.4204,154.9456,462.1022,255.263,301.203,417.4078,505.9041,227.9967,0.0,566.0,193.4267,340.2309,97852.284,78443.5536,96693.1949,81884.9817,81275.9668,70346.0359,86505.6266,76171.5677,88594.7751,97230.8601,98532.9655,82711.0141,67866.3915,98164.8042,93698.3735,87287.1292,1383259.524
197.7774,270.2268,0.0,213.7728,505.0777,144.1939,321.2406,489.9668,210.0181,417.5691,274.0851,430.5746,50.7435,167.2784,478.0013,566.0,566.0,92.9969,95.9509,355.285,566.0,0.0,136.096,200.595,0.0,566.0,242.119,0.0,9.8964,464.6992,103.4748,109.581,97787.6014,73807.5673,77595.6374,89350.3026,96308.1775,65601.4026,90605.9078,96703.0482,67197.7423,94740.1798,89003.6934,74420.9102,78371.3928,84389.9485,82952.8814,97647.2366,1356483.63
566.0,102.6268,199.7925,269.9697,361.8369,350.86,244.2413,232.2334,396.8128,566.0,427.0329,566.0,0.0,3.2136,203.7543,333.9568,267.2311,71.42,59.0544,0.0,489.3874,117.2668,416.3911,566.0,447.2368,169.7724,566.0,90.3256,39.1741,276.9314,167.8711,55.796,96783.3915,75264.6515,75127.4159,70014.6677,87301.5146,90253.8773,80547.0391,97648.3398,86039.9781,88997.898,96446.8708,85656.1808,70439.1308,83882.6572,81667.1996,75323.485,1341394.298
485.165,0.0,561.9117,566.0,0.0,449.3416,0.0,234.8105,566.0,70.8572,277.2935,88.7752,443.9649,296.3145,310.2476,334.0884,454.1049,158.6685,204.5597,0.0,27.1436,404.1477,440.9922,566.0,566.0,321.34,342.8246,31.3923,16.7953,566.0,0.0,73.0148,87107.7971,74436.3313,96673.1266,95908.9307,70998.3086,77059.8513,92912.8879,90797.0368,96428.8966,89102.6431,85735.0055,78576.1599,92168.9553,97532.5821,72162.9487,84328.5318,1381929.993
465.819,176.3429,247.0146,457.1069,199.1453,566.0,0.0,485.8119,60.8642,337.3641,222.0507,566.0,102.5109,562.0141,390.2432,566.0,193.8275,412.8277,530.6858,0.0,566.0,496.5877,445.9104,566.0,409.9914,313.4527,374.2518,566.0,120.3552,361.1709,422.3381,169.9909,84407.5732,82255.3626,100276.3064,83115.1502,99568.5868,85852.3672,93212.9371,94039.2213,85789.6213,73512.3046,85605.3444,96050.855,67724.5849,91027.9392,79350.0874,96132.8756,1397921.117
174.1279,309.9049,0.0,382.8247,198.1855,566.0,140.0302,313.8049,303.86,566.0,0.0,566.0,86.6448,293.6638,430.108,478.3939,0.0,293.3486,224.6704,225.4858,566.0,496.7861,489.0493,394.2736,515.8714,271.9628,566.0,0.0,59.0577,153.8375,0.0,428.5547,69058.3947,78771.6903,81897.6534,85763.3073,97218.1126,96506.4696,85953.5678,93787.7754,96904.3674,96220.2238,97505.7952,95967.5863,73059.1959,69985.5645,92415.3119,86365.9831,1397380.999
503.5336,298.6058,566.0,371.2405,360.5676,551.5161,225.0707,249.3933,0.0,566.0,0.0,337.0473,417.5994,233.403,428.2509,285.2434,523.0523,528.5847,203.5919,270.9426,509.5606,298.8717,433.568,566.0,566.0,139.1094,0.0,462.1278,0.0,173.5075,127.0801,286.6782,96589.0964,100086.003,91835.3994,92096.8548,98163.1968,96983.459,69850.1053,99226.4195,97559.9966,83688.0401,69489.2029,78206.635,74944.0116,67908.6865,82146.9294,80033.3095,1378807.346
365.4694,0.0,475.4519,566.0,262.3868,566.0,382.4458,0.0,57.5306,566.0,342.0168,25.9193,147.6917,165.3514,221.0357,366.9859,36.4187,566.0,0.0,544.8057,566.0,334.2003,566.0,140.1979,499.7569,465.8272,112.8138,422.16,147.7632,264.137,0.0,416.273,83227.8902,97572.9945,93978.3377,96524.2288,98462.9296,91984.1156,98356.1117,76431.5397,98024.3032,86250.3952,82694.8749,81080.4852,73354.1382,79276.4737,73922.7946,85798.504,1396940.117
462.6241,219.3227,357.4038,231.5748,0.0,566.0,484.5637,101.0653,9.6245,566.0,175.8029,157.6693,76.3353,161.5123,244.5539,566.0,173.5412,487.1077,180.2672,368.0931,540.7083,428.0015,390.2923,451.6914,315.5272,0.0,215.5128,356.5354,153.946,285.6458,184.0202,365.8714,81798.1325,96773.0015,81700.2357,95374.5294,97494.1027,96480.512,87303.3483,91699.1795,81897.3852,96600.3408,80855.8138,81913.5801,64160.3111,73685.3327,87581.5817,84485.7065,1379803.094
269.4714,0.0,238.1156,566.0,203.8912,540.3996,319.5991,133.3252,518.3516,381.7112,0.0,0.0,251.9646,417.8442,399.5011,537.837,0.0,1.5911,208.5532,80.8726,566.0,306.9451,444.1755,423.6502,566.0,54.3964,566.0,433.2566,361.8128,264.634,389.4681,364.2262,71190.2466,71505.8222,72844.9537,98165.7594,97462.3068,84222.1179,92878.7621,89141.5619,96568.0306,82302.1084,98007.3964,88441.0156,81848.7627,78791.8154,91152.5297,96902.6485,1391425.838
353.0631,245.3583,352.9303,331.1942,0.0,566.0,212.1508,0.0,428.598,510.2288,326.2936,509.8055,478.3766,188.8454,349.2366,269.1079,183.4495,204.5912,0.0,566.0,566.0,378.6927,293.151,0.0,468.4179,282.0545,287.1746,124.8098,240.6774,52.7918,233.3641,351.5781,67922.9196,68225.6713,73299.1825,96576.2917,98030.1963,96670.3703,76185.7858,69967.8029,96910.2783,86308.8034,90625.9513,93361.0197,76249.7664,59112.0165,81368.0738,85891.6982,1316705.828
261.556,213.1272,197.1212,308.5458,296.6848,277.8578,548.5394,198.1324,390.8972,566.0,395.4237,136.5941,207.4039,431.4773,518.7592,566.0,215.3925,95.7764,144.6319,272.4352,393.7887,67.2495,233.9366,566.0,470.0878,174.9168,215.8975,369.7979,266.9832,120.7243,352.5001,432.9145,71843.9141,59657.5772,62674.7543,82900.9123,88075.3326,67961.9659,95186.9133,97191.4554,97809.2683,90348.1949,83583.0755,90526.2094,82452.5982,73502.9738,85310.4303,96657.2621,1325682.838
309.0252,0.0,218.6909,433.3864,16.4407,566.0,566.0,33.9961,281.4185,566.0,147.0717,217.1601,285.7659,211.927,380.9925,513.9394,0.0,133.0833,89.7771,258.0294,350.0074,566.0,330.4668,302.5056,408.7311,0.0,58.6957,541.6237,468.1245,0.0,25.7256,364.9409,72812.3116,73972.1511,78146.5817,77028.2186,89541.2815,96376.2275,98106.7723,77749.4628,81119.2633,96203.3288,71945.2459,97329.3872,97878.735,72326.405,84428.4036,93284.0457,1358247.822
96.7698,412.7751,467.013,346.5884,0.0,281.4886,476.9521,177.3413,531.2833,475.6517,0.0,115.4072,419.225,303.5091,412.8829,323.2018,0.0,103.4198,319.991,275.5342,505.0303,201.8174,247.6956,440.6996,353.9554,0.0,145.8356,435.9904,422.4187,139.6746,170.8827,344.6055,67214.2127,71501.2526,85300.8583,76868.7322,97072.073,67550.0093,79627.3857,97719.4318,96662.9044,96667.5666,81122.8058,89670.1523,96569.4929,62153.5763,73789.1257,91193.3067,1330682.887
244.6947,107.0413,485.6056,381.9998,0.0,344.635,424.7408,32.6672,0.0,514.1115,125.847,227.0373,240.4033,290.3573,187.68,430.9897,227.8211,204.9085,51.7798,396.3377,264.3847,477.4287,91.1336,452.6637,523.5676,293.2406,0.0,494.178,121.9865,202.0252,0.0,566.0,81535.7564,78030.1951,96568.9884,89526.8931,81980.4157,86646.4232,91595.8893,96422.719,97927.9191,97057.5563,63433.4439,97153.1726,68614.3065,82265.9336,66846.5503,96422.8862,1372029.049
354.3143,110.9697,512.7657,291.9614,153.7539,202.3875,566.0,0.0,97.062,467.3153,0.0,243.3671,405.5528,211.8938,418.3754,492.6397,59.9493,152.3915,251.946,434.7668,548.8719,226.6233,42.3421,293.6329,451.0206,112.2838,348.4646,192.5578,267.0188,79.0396,58.8964,566.0,74033.5552,75270.4041,96824.6404,91504.4798,97297.7217,87121.6795,97351.7685,70370.6106,87647.9372,88354.5379,82585.1409,84620.8751,95524.403,75939.2675,80142.7949,96493.8921,1381083.708
353.0761,0.0,363.311,237.3617,26.2319,355.6663,561.4976,147.4694,57.5975,459.4983,303.6023,102.4064,434.6233,274.1831,172.0103,321.4782,108.6793,166.4814,246.7507,370.2279,302.4192,425.0281,0.0,65.0187,566.0,133.3826,495.3656,307.1181,361.134,82.9553,0.0,296.2541,82149.7319,70894.0628,86959.5634,81021.4043,87579.6864,98929.0413,97381.0998,70229.9159,96773.4126,97532.6518,96537.3383,84589.2518,97295.9845,67755.7381,62537.5159,80380.4065,1358546.805
417.8423,0.0,429.3099,285.4785,0.0,322.8329,566.0,120.4187,0.0,520.8114,0.0,175.9211,243.7643,238.127,461.6056,253.3839,108.4481,31.5592,342.3792,474.0833,336.3726,401.2435,192.1861,470.2773,566.0,160.0148,404.6793,510.2908,564.5726,188.3413,135.1919,285.9626,70888.8304,71313.9396,97006.7504,98221.8155,68497.9046,97966.2127,97185.4164,78464.8889,97170.9264,82499.7014,80411.0987,87117.0641,96532.9637,75127.1899,78664.5196,79676.0712,1356745.294
255.0073,150.4814,265.9718,164.1462,129.6724,566.0,331.2334,11.9807,189.8413,385.2661,302.5313,137.6268,371.8838,355.6307,488.8761,259.9235,90.7465,461.4061,199.5603,566.0,397.8194,555.1885,177.7873,369.6565,306.6701,132.1613,435.7196,336.084,465.4308,239.7452,137.492,296.4385,63242.6837,90682.475,72970.7477,96862.1493,77925.9983,96474.7256,81533.1578,81091.7639,85392.7017,93537.1323,83399.5916,73717.4216,92727.0404,89558.0881,96685.2038,79583.2314,1355384.112
566.0,79.9268,466.4529,190.397,0.0,566.0,454.0031,43.6797,69.904,424.5667,0.0,230.157,471.5769,380.2417,235.0233,339.6736,124.1042,346.779,318.3135,566.0,366.8641,479.254,23.2225,300.4059,550.3154,130.8249,427.2841,433.9665,446.1831,184.7413,0.0,279.8665,97057.0466,82980.4624,82856.3246,97182.7783,76072.6202,96594.2823,86188.8253,73562.8945,95791.0594,89555.1514,84442.1024,98882.6397,88400.2491,80018.5398,71843.7462,81382.5083,1382811.231
542.6964,100.755,401.2824,290.9263,152.4138,441.9179,566.0,0.0,59.3696,516.4896,332.7124,205.0152,491.5465,272.2433,472.9463,239.4741,32.0611,263.4087,102.5622,292.5493,419.9711,364.7476,97.7706,373.3738,454.3513,221.9988,397.7772,566.0,489.0699,76.6448,157.5739,0.0,84389.3888,79592.7078,76464.2469,77041.1937,90018.7407,86520.65,98351.0762,78532.0801,92787.4441,97907.5287,92696.7127,96719.886,96383.9257,78555.0304,86056.5428,64174.818,1376191.973
566.0,136.6491,321.1784,107.6367,282.792,566.0,566.0,0.0,245.8736,225.0672,61.3459,0.0,490.4872,475.912,488.1574,107.027,143.7869,257.5849,257.8789,468.7042,445.2954,258.6875,0.0,202.4768,529.4039,89.3667,245.3142,342.5405,546.9113,183.6209,106.8059,167.8321,91605.5012,83376.0074,91512.2872,92080.3555,93761.5515,96726.2593,93489.6433,65846.9255,97172.6716,82141.2094,75373.6555,83654.7404,96450.1193,88840.1264,72110.3158,73104.9032,1377246.273
546.8861,286.3077,451.559,200.7901,250.5151,512.2946,298.0726,226.85,4.1168,321.2397,276.6741,150.5782,380.6882,339.9615,385.4481,125.0739,42.4554,267.8234,157.6623,473.7167,433.1465,448.8578,109.0926,349.5963,222.4381,61.8382,389.3392,441.0622,439.6435,368.7716,228.1495,70.3981,97064.8483,74600.8855,95449.4856,99391.6301,100955.0078,96500.9404,74407.1174,64818.2258,73443.0518,72927.7223,85670.2563,82883.992,97102.7673,81678.4054,90074.957,64812.0277,1351781.321
566.0,0.0,368.4105,122.193,0.0,429.355,566.0,221.0133,151.2213,363.5125,76.73,93.2829,469.5559,566.0,297.292,135.5398,73.0499,275.2614,140.3073,559.3929,566.0,378.9943,4.3023,403.4255,150.4903,0.0,148.6119,369.5768,543.0098,177.7658,0.0,72.4142,90083.8401,78086.5525,91768.9835,97497.2023,97673.9561,89450.3497,83923.9348,94570.9819,86611.9353,84160.1231,79462.2715,90046.1118,96389.4101,97609.841,75481.5667,75140.5539,1407957.614
475.0531,220.6905,420.2624,48.6259,302.7501,506.0797,517.8438,61.4328,138.6034,393.561,57.7091,0.0,393.8948,433.5372,339.3679,142.9098,198.3873,173.4472,35.6105,317.3533,413.745,357.7929,20.6191,368.4631,514.3675,142.391,228.8578,566.0,452.3294,282.0389,0.0,175.8336,90972.2742,81998.0045,86480.133,75067.6982,88164.312,96870.0853,97471.4921,89760.8293,97252.0173,73243.9653,80962.3017,97695.1329,96664.8481,86907.7246,67307.595,83533.1374,1390351.551
290.7036,0.0,492.2427,0.0,275.4015,404.3363,496.125,112.7907,40.3759,305.7386,35.3183,135.2585,504.5808,127.9157,368.6848,234.1665,105.614,179.1616,50.7266,566.0,430.1584,222.7097,0.0,403.3963,420.9477,186.8576,219.6883,566.0,273.4358,71.5062,129.3318,0.0,67756.7401,69786.8625,95703.2098,98395.7148,96906.1712,88233.5786,83420.1007,92181.5012,89986.2197,88001.513,82687.34,96741.0961,96752.0424,81961.4224,81152.2844,70100.6886,1379766.485
213.7783,167.5106,313.0924,0.0,210.8964,377.1658,459.8586,212.3514,188.1934,382.8147,235.6059,206.2835,400.0709,282.1851,566.0,99.3387,222.9144,117.2131,273.9885,356.5469,397.6929,480.6081,70.8321,336.7995,459.9125,121.6947,175.8609,549.6089,566.0,14.6567,0.0,0.0,72992.8983,64613.3484,89354.549,86181.7829,80963.9203,84395.9226,98439.4801,73332.2072,82011.03,100059.3997,74988.0562,98179.6408,96455.9893,84915.65,98565.3799,64635.8496,1350085.104
391.9334,84.9837,449.4858,0.0,164.236,507.7224,541.713,98.4665,200.5532,462.9868,74.1671,48.9146,435.342,281.8415,343.1237,189.1844,218.7024,163.7923,315.0001,562.0854,302.7635,393.9577,0.0,226.3469,405.9816,179.384,103.3654,420.8367,489.159,113.997,117.1767,0.0,79650.771,68590.9918,84708.7833,97060.6286,83322.6705,97507.9583,97049.0441,78316.2878,96309.5814,91312.6009,64900.4702,99612.2708,96516.6368,68432.6458,68072.1749,68477.8826,1339841.399
319.889,128.9438,432.9606,101.0137,177.8483,478.0689,538.7207,89.6968,40.2327,552.7616,36.4719,46.4054,305.3019,467.803,566.0,168.1998,100.618,222.3918,296.4201,477.1425,525.7397,483.2245,38.3848,407.8478,356.4524,203.3951,161.7115,499.113,440.4961,68.5854,111.0073,127.6734,84724.9465,86024.8252,90972.3745,87975.4642,97116.8542,96473.4393,81712.8529,77465.8446,67412.2696,96721.0714,73441.0593,96325.9251,95766.1099,81696.5067,92514.675,85221.1805,1391565.399
320.8121,92.2226,288.0776,0.0,199.6099,507.0045,566.0,9.4382,133.8444,493.0016,0.0,0.0,408.2182,374.6488,566.0,174.0532,154.3591,202.563,282.8747,546.1124,476.0223,379.8703,110.2014,415.952,359.5851,178.0682,302.3838,493.9184,439.5733,204.6093,0.0,126.7192,76474.3059,82605.322,87041.9159,97309.7855,97396.4574,96604.1716,98066.4638,88053.845,89271.5763,94658.8818,77808.9925,83391.3918,96855.5498,89428.8244,91139.7455,79437.9428,1425545.172
401.2685,101.3256,547.462,108.5349,155.2151,529.7358,544.9766,51.2108,231.768,422.1805,0.0,31.9454,434.4472,390.9404,563.3517,158.627,284.4526,184.1045,250.3394,486.9854,520.8199,417.2906,158.7461,425.8256,497.9824,33.6964,304.1618,566.0,409.1607,160.71,25.3786,91.6421,82073.6953,87564.7817,97331.9634,81811.1966,99725.3973,96560.2178,87823.0116,74279.3815,96961.3886,82814.2144,70604.9522,97137.5538,94061.9226,77558.3168,95691.0467,83365.5459,1405364.586
201.1659,105.4296,386.2643,66.5937,336.9288,566.0,566.0,0.0,270.3315,468.8898,19.3706,70.3203,338.2024,283.6372,566.0,93.3964,176.4341,202.1837,360.715,497.6466,473.1051,325.2286,133.891,522.1865,345.2633,170.8032,191.469,560.4053,407.8206,214.1854,82.1561,130.0994,67740.7291,80450.7582,101642.6,85014.3729,96643.9821,96666.7658,95920.9864,85277.0277,76043.8475,91433.0742,81284.362,97140.5757,86620.476,78531.4039,82793.3445,64067.0412,1367271.347
313.0064,197.5094,271.7386,0.0,225.7999,440.1632,432.9576,106.4317,46.3414,459.2239,15.8139,0.0,553.3997,385.4657,566.0,144.532,206.8568,140.1333,287.1772,523.7358,436.6948,446.3816,40.1523,504.0949,259.6027,303.6653,317.2619,465.3551,318.235,126.4382,57.7709,61.9301,81948.8731,72776.479,92992.5627,99723.3722,98494.8347,96591.0942,90179.4092,96695.7752,87280.9166,91531.0026,83154.0754,78215.4362,96940.5631,82294.5788,97656.2886,67337.1573,1413812.419
315.8853,157.7215,330.5189,0.0,134.9273,566.0,428.6615,242.6239,142.5448,515.92,0.0,1.4916,530.7271,250.824,566.0,241.8503,133.7465,120.3678,369.1567,566.0,365.9803,418.18,65.9833,411.672,248.0835,142.0564,400.5769,487.8897,295.4267,53.1588,103.4243,109.2719,87154.018,83630.7272,97837.0576,97080.7571,91370.3299,96488.0617,74900.8086,99481.1402,80494.6102,92432.3833,87887.916,87190.7505,86950.1726,69015.0521,100265.6588,77558.0993,1409737.543
239.0315,94.6888,454.4869,36.3902,148.5779,536.943,520.5342,192.6638,197.9266,325.7901,8.1648,0.0,363.8021,262.4072,566.0,183.5633,215.3951,193.7417,381.8419,542.3617,446.7197,373.4866,88.3508,412.7929,304.6798,91.0095,154.4248,480.6001,283.4033,139.8639,0.0,152.5387,84763.6876,78233.4965,96594.6226,96943.3641,99040.5857,96263.8662,96052.6064,99012.1657,92696.3461,86265.9934,74796.6379,84727.2051,82378.5383,77633.2789,98684.0267,69246.1741,1413332.595
384.4448,103.1239,427.3273,0.0,225.7124,500.4142,437.2994,139.6929,83.2884,316.2126,0.0,47.7284,280.7011,407.1698,566.0,93.4686,154.0466,149.2568,324.5312,539.3689,372.8638,354.0008,12.5235,400.6641,353.9672,69.2578,290.0629,465.7994,227.8078,59.3932,0.0,200.2447,83596.523,73137.8349,85414.9989,97020.5814,97768.6994,96468.5828,97025.8491,99718.7376,84569.4174,77324.8855,73388.9007,99441.5295,88203.2173,93140.7395,96922.394,85065.8164,1428208.707
473.4259,81.615,485.2271,21.684,283.328,566.0,364.2611,179.4153,167.6197,391.496,0.0,41.7872,375.2259,389.2513,547.6196,235.1097,65.2935,232.8267,351.0363,566.0,424.628,434.9621,0.0,499.7753,339.399,218.4809,237.9393,489.3494,270.7004,102.602,0.0,124.0268,94804.6317,79684.491,86472.0617,96441.8674,97108.2973,96258.4987,72059.7562,96513.1458,85009.7053,75771.5346,77393.0443,93952.6878,84189.2229,84964.8802,97479.6727,78179.7099,1396283.207
486.3387,113.7676,474.6738,15.3109,287.1313,427.2426,461.3325,147.1937,20.2463,237.385,70.007,0.0,430.575,401.8201,566.0,140.5206,248.0643,109.8823,323.1789,515.2053,435.446,532.8486,44.6741,486.7448,356.7348,10.0358,191.8093,432.9872,146.3274,0.0,31.9193,66.5738,89172.6044,89026.8992,96904.6688,99381.9186,89591.8193,96440.6172,96859.3175,97752.7083,84022.3422,81936.1734,84537.1096,81554.8409,81254.2152,70996.9375,97106.5832,81077.3428,1417616.098
566.0,31.1046,444.028,106.6681,371.1314,514.9661,511.3362,156.8225,0.0,250.7006,149.4463,32.2433,399.9138,415.8012,479.8638,222.461,228.27,215.2872,423.1179,546.9186,306.3492,499.2243,0.0,486.5685,354.2902,60.3056,319.6289,529.4273,237.5497,127.1836,46.2206,287.9853,97089.8983,77459.5326,85848.4752,96764.4363,81244.0425,96505.0899,91121.2102,99655.3597,78907.8773,72775.22,96192.5348,88677.0797,86507.1907,84658.3409,91225.5621,91198.5631,1415830.413
566.0,167.6213,514.459,70.8562,316.0442,566.0,392.9738,173.7634,19.0157,422.8378,135.0974,16.6278,398.0844,340.1062,566.0,216.4292,183.3259,207.8137,349.2285,498.6467,541.2034,468.3079,0.0,566.0,275.751,91.9524,266.6201,566.0,183.1881,171.0292,97.341,241.2494,97814.7247,76209.0565,86518.9243,90310.7071,96685.8643,96609.9814,68656.2182,98781.4229,83848.5905,80759.0561,91792.6071,98761.0342,86663.2933,78524.8761,87657.626,89871.7107,1409465.694
481.552,91.9006,516.5932,90.9006,279.0224,566.0,566.0,127.3697,0.0,328.4289,104.1164,11.0608,348.7689,436.1259,513.9569,43.9965,189.4479,163.6084,349.202,566.0,370.6617,551.8104,43.5146,476.1702,372.6674,47.9206,309.3717,495.0682,256.4727,160.4421,128.4188,117.8462,87994.2694,81930.4514,91028.2014,96253.9092,94211.2434,96550.0468,97957.7162,98067.6013,76691.5005,71389.6826,90338.3189,88387.9111,87101.0632,76178.5906,95834.0021,68374.5836,1398289.092
469.7107,132.5828,551.1172,109.1338,317.7315,540.511,529.6801,199.2817,147.2135,227.8469,31.2916,20.909,370.2282,534.727,493.3211,255.0408,242.0542,200.0621,238.8953,566.0,411.4227,464.5473,43.9401,425.9798,387.3943,28.5325,266.3395,465.9224,191.1449,98.2956,137.5372,309.5641,89562.7928,76185.8392,96431.1351,97236.5921,97347.535,96481.881,79493.0117,99604.3066,83696.5757,75063.7323,76639.8573,87378.2641,81495.0346,91961.066,85821.6563,85325.2095,1399724.49
462.1479,61.0559,530.9327,112.4395,155.8,448.0088,566.0,164.7975,66.7399,274.5711,184.6324,3.61,362.6683,475.5678,413.101,227.4928,217.5042,290.8741,346.6917,566.0,471.2974,527.8787,41.6428,410.6502,426.8488,0.0,208.3491,506.0508,264.1607,113.248,65.074,254.4872,87369.1539,74403.5163,96885.3503,96884.9791,99198.409,96583.071,96898.9193,85579.8799,81058.1527,72109.9132,77646.915,89548.5669,88285.9323,89793.755,76302.1728,93333.7381,1401882.425
525.481,93.931,540.065,0.0,271.3033,432.6668,507.088,108.5599,92.8259,274.8149,71.008,76.7244,372.9294,392.5907,566.0,161.51,190.0555,166.3135,303.0026,566.0,446.3955,475.7702,20.6688,381.1363,302.5855,52.3019,221.2602,519.1358,355.7962,86.0055,90.0931,61.4421,88420.4204,75905.4789,97430.399,99755.0183,96891.1399,96672.317,80509.821,94754.8022,78239.4666,79775.9274,70954.8759,97712.0808,87084.4806,85459.4299,98826.0872,86122.2735,1414514.019
450.0872,188.7656,510.8626,18.1394,276.1649,503.171,498.8167,121.9336,121.4799,289.149,98.9707,60.9668,396.3269,429.6454,566.0,175.3929,121.0723,184.4223,407.1106,531.1328,410.5555,491.1742,0.0,491.3528,374.8128,45.3413,160.627,453.3181,129.3492,171.6829,61.6132,88.1254,89219.2063,84739.1247,89006.4365,98070.9596,96159.0896,96554.7686,86172.7595,97960.7055,91192.7495,73276.6458,77292.4312,85910.6604,71846.7201,89906.9003,96829.2805,77632.218,1401770.656
375.741,197.8908,547.624,0.0,202.7425,521.283,412.0031,134.6819,30.7189,315.8675,74.7861,56.3563,265.6555,538.0044,507.7764,143.1089,151.2599,327.7154,303.8546,566.0,490.4421,432.1189,68.5294,415.0758,424.371,199.9598,240.6735,498.5862,271.5486,132.5258,61.4931,206.858,87950.2499,95864.3359,96547.579,96891.4172,96784.4861,96438.5417,80581.3757,88080.7373,81879.7578,92455.8712,80352.7222,101208.0767,96150.0857,93492.9888,80870.7414,77010.1974,1442559.164
388.3604,222.4512,447.9894,65.6991,319.3138,566.0,493.2532,85.713,118.5433,290.7782,209.2168,137.93,414.411,524.9516,566.0,108.3164,130.9083,308.5992,338.0724,501.0577,527.0984,485.7908,33.1295,366.3916,418.1614,148.667,191.7,481.4143,186.8507,132.8773,68.2474,113.0315,76296.2222,90024.3281,88996.6723,99265.9071,97031.8712,96340.045,74710.9962,70323.5695,80632.6326,83089.6474,81970.9705,97005.9245,86217.2581,96153.4486,97689.8765,72837.2634,1388586.633
440.5991,113.1688,566.0,39.4263,297.604,520.3715,465.8306,194.616,127.4131,303.0621,166.0435,97.3494,267.0138,488.4047,474.8111,160.5277,191.6421,243.5512,375.7813,452.4425,520.0117,471.1883,5.3007,429.9002,410.7401,84.0593,119.7942,566.0,298.6039,85.4985,153.9795,69.871,86923.9107,75219.5555,98190.1624,91089.8698,97044.0251,96522.1728,78847.4627,88244.2568,82121.1017,78796.8495,81380.9194,97588.9568,90626.0096,87556.2474,88204.7534,68633.1207,1386989.374
346.3553,52.9412,566.0,44.8083,197.5584,522.7248,481.5389,144.9367,73.1284,273.2476,116.1603,86.2582,198.7094,537.4663,566.0,104.7948,218.8282,284.1538,316.7225,561.9622,469.7142,469.5649,0.0,434.7699,375.6243,111.6741,161.9575,496.7702,247.7094,122.5128,27.9752,57.8403,87720.6127,72622.7723,97668.0199,96969.2365,97399.122,96493.9488,75461.8208,85478.7286,71926.8051,82574.5694,79625.0148,99949.3579,94454.5912,92416.1788,96267.383,70918.0983,1397946.26
348.6422,108.1718,529.8522,0.0,208.5399,497.0062,508.0776,103.676,35.7122,334.3201,112.6086,55.3744,328.7778,496.785,566.0,176.9465,175.434,338.4973,361.9746,566.0,445.2505,410.9679,0.0,389.6967,495.5739,77.5417,220.9535,566.0,274.2518,175.9953,0.9244,150.6217,83072.8133,77652.5003,95750.8935,89075.497,97068.2249,97867.5301,88210.1685,90808.0783,82933.6258,72122.2117,84823.8531,97350.5994,87464.6076,91178.4948,97608.2861,85569.1648,1418556.549
298.1059,160.5111,523.355,0.0,248.518,491.5132,478.1463,122.467,42.3655,328.1835,141.4945,115.2246,328.6633,541.2553,566.0,188.0129,226.9412,386.1737,380.4431,566.0,494.1971,498.138,63.4532,418.9014,502.7521,72.3869,177.2361,566.0,375.6184,153.9241,0.0,90.9652,80503.248,91586.6349,97112.8528,97073.124,97902.7953,96590.7623,85068.9605,87667.9331,87412.9082,87945.6406,76427.1123,96487.9482,92036.1513,96574.4449,96429.8479,78995.9576,1445816.322
359.1954,198.3892,530.1629,48.6282,227.7501,489.7193,561.2453,65.6461,68.6422,331.0691,136.2191,131.0835,319.4319,482.8981,534.1722,207.4307,161.1828,364.9895,338.5506,521.546,421.3971,473.647,70.291,367.5338,433.8466,9.0537,151.1327,537.3213,337.2394,171.8472,0.0,243.1826,85745.8842,85824.8401,97653.4708,89772.9744,97740.5489,96527.5955,97999.0617,75950.9611,84370.7501,78585.1213,71489.7575,96884.5556,91884.3269,89273.4112,84745.0289,78252.5888,1402700.877
259.6034,222.7879,548.5244,0.0,229.0717,457.9194,466.6178,54.7908,167.1145,370.1281,29.4126,107.4887,316.2481,566.0,566.0,244.1753,163.7475,383.359,384.7063,540.1548,566.0,403.761,56.0704,412.5055,501.5355,144.9639,193.0477,513.3058,263.1848,273.1967,22.2245,104.8433,79114.0743,97551.9602,96494.4988,100297.0411,96579.9564,99186.0833,89701.0606,77365.3075,86595.2878,81576.4344,76721.1646,89004.65,87631.9343,95204.939,96363.5179,64325.3744,1413713.284
351.9707,141.7077,517.7494,0.0,234.3768,464.7348,453.5329,61.5218,77.2707,327.9105,117.9973,149.5385,387.3547,557.0177,566.0,286.1612,203.9754,264.3411,445.8779,522.8043,530.1388,459.9735,106.2938,445.8034,332.577,60.699,129.4934,566.0,378.1587,197.0152,0.0,164.9818,82661.8049,87598.963,97968.8894,94423.909,96618.156,94847.9793,85401.4213,85241.7838,82963.8037,74677.7053,75137.3475,99434.5034,80632.5697,96845.8985,96933.1846,72894.6884,1404282.608
377.0764,183.1349,493.7877,0.0,313.4819,435.6525,485.2078,74.3922,148.487,336.5243,84.6339,93.7201,317.2411,456.5336,566.0,229.4434,159.3608,291.563,285.6359,527.3091,550.8138,454.868,12.4166,391.9568,443.2049,91.6966,150.2944,481.9899,274.6713,142.5192,17.7236,117.5608,87671.4463,88839.577,97579.2875,98497.8265,96781.191,96879.0517,94274.7778,73188.1561,93450.8073,71122.275,76269.8194,99027.5864,90627.4023,88995.8586,96991.4159,79645.2407,1429841.72
416.3381,231.489,521.8499,0.0,271.8452,433.9363,457.5135,0.0,156.7809,339.1187,101.9464,170.1143,294.81,566.0,489.0739,270.6235,225.8958,287.3989,264.4936,539.8081,547.6572,532.9984,162.5985,414.7353,437.9899,60.3862,178.6388,556.6945,234.4019,106.4397,35.36,65.6717,89622.4705,90863.0243,96979.959,97919.1624,98323.2336,96508.8961,87702.0835,82824.4218,80301.5565,80363.995,76376.6664,98441.0278,98317.7703,97427.6342,84356.2592,72640.6027,1428968.763
471.9009,193.3149,566.0,0.0,282.9283,460.4062,453.9541,31.3149,77.4931,287.0817,58.9989,152.6178,252.7041,525.7674,528.0926,210.8796,255.2496,341.4419,294.416,566.0,500.7115,473.047,45.1062,436.3642,404.2594,76.3827,85.8434,546.6822,226.731,117.5564,3.7888,30.6054,87657.8556,86829.7769,97338.2299,98435.7929,97655.9218,96424.1965,80237.21,92244.5748,86901.9482,83679.3466,77744.3081,97283.6752,92309.0863,90670.6433,90445.6621,72363.4515,1428221.68
438.9939,191.3153,476.1417,43.126,291.3496,445.4803,443.7917,0.4146,126.5851,343.1476,88.9429,117.6938,278.329,537.3449,566.0,244.0271,234.895,340.0634,339.4357,544.0223,566.0,527.247,8.6886,427.6781,403.6931,96.4508,186.1479,478.0859,282.0747,206.5374,4.6124,87.3291,88159.2916,90598.844,97288.0771,98035.1272,97427.4705,96712.514,90210.7049,79620.4774,82084.8088,77059.1741,73095.254,92933.9895,89055.1541,97828.3297,97796.7998,75582.9752,1423488.992
418.8436,153.757,466.5639,5.1367,322.6935,419.0234,446.4452,24.9901,40.7583,304.6458,204.2146,103.8809,308.6525,521.9804,522.6358,166.7787,177.6019,360.7886,325.641,508.8921,487.5994,566.0,51.0596,428.4909,350.2214,76.3593,194.4048,486.2072,348.7606,187.606,53.2197,154.8497,86429.1132,90594.4137,97375.5557,100092.0726,87044.8296,96428.6899,82279.5824,81977.4768,79499.8628,79611.8062,80357.9994,98726.5846,86073.1503,98901.2945,93206.5608,68622.0562,1407221.049
331.7509,230.4943,485.8267,78.4916,292.8791,440.9193,426.4681,0.0,60.0123,365.506,108.7002,164.7666,243.9895,482.4727,545.5593,263.3112,214.8545,409.2032,399.6629,514.6437,491.3098,566.0,85.5266,418.3445,448.2403,73.3424,198.51,488.9811,272.7834,301.392,3.2389,134.5531,81212.4852,84071.1116,97635.7662,100018.8381,90512.0023,96599.3493,89371.1355,73708.9641,77005.1469,77358.4572,71982.5973,98658.7577,83048.2398,88142.3528,96395.6756,75352.7002,1381073.58
307.3934,109.1369,414.5134,18.2136,200.4923,370.7476,500.8994,33.1638,56.7751,330.9673,178.0587,100.8304,328.609,515.0062,566.0,310.5681,234.2124,365.4928,397.0769,566.0,495.0741,518.2473,0.0,513.9058,308.056,31.6175,152.075,470.5,373.686,211.3581,0.0,85.1041,81768.96,81719.378,98158.6572,96920.7834,97689.4868,96696.664,90672.8986,92524.5989,72156.4302,84237.6571,76149.6304,93883.212,80627.3115,97237.1356,98183.5188,86164.9508,1424791.274
326.1043,216.2495,476.935,4.0103,237.5048,430.8417,459.0508,15.9024,100.8873,325.8464,190.6421,107.9482,238.4668,508.9865,566.0,233.3057,306.0065,267.6627,327.0524,538.8816,497.7449,566.0,3.1213,446.4289,337.1516,75.5509,131.2826,531.7534,382.7835,189.4572,0.0,32.8935,92541.7597,75631.6463,96800.1602,99784.0497,94609.2363,96535.6496,92066.3651,81880.6273,83653.2538,85018.4583,74609.604,98804.5209,85514.5457,98168.7797,97449.2886,74408.4788,1427476.424
305.7157,186.6779,510.8239,43.2986,217.5864,414.3728,472.499,0.0,74.5191,312.182,118.9543,99.7575,260.9297,566.0,512.087,275.1851,282.7853,413.0496,428.3426,566.0,560.1949,514.5103,12.9976,445.0549,421.6846,0.0,131.1145,542.7888,317.5416,174.2369,46.1604,66.3587,86233.3544,88543.2101,96761.3421,99057.8687,97326.1119,96535.5335,75625.785,76760.4192,82597.6827,89231.3064,74440.207,97137.3811,90710.4868,96939.1002,87102.407,88776.9394,1423779.135
375.908,180.504,540.7423,19.7803,230.3193,446.6,432.5117,36.6853,124.6959,362.1444,148.7296,98.4333,241.7779,540.6712,489.8938,264.1518,252.5445,372.9766,332.2655,519.2943,508.5519,477.5155,64.2942,446.0416,377.6584,56.1116,128.7771,470.6041,330.7997,155.0329,47.3435,92.8372,86738.4458,90370.1301,97043.1471,98694.2927,97187.5683,96712.5942,82628.4271,79065.0576,82606.5374,77473.272,77521.9542,94106.295,92926.4278,95826.5679,84804.02,83938.0285,1417642.766
297.0115,108.6524,497.656,57.8071,259.7721,438.3389,473.9344,73.4583,90.9671,355.3699,124.1335,149.9879,230.9302,559.5062,566.0,304.5964,265.0811,397.3378,371.7193,551.2143,507.0919,521.3313,7.9566,487.8926,313.6979,102.9006,91.517,500.3167,315.1051,219.9178,10.3638,31.209,88347.4856,79935.0446,97443.0092,98378.7091,98330.0112,96425.76,88672.6102,83861.4949,72602.8981,86309.611,75581.5041,96383.4625,89093.4686,98220.7331,96340.2165,76582.4619,1422508.481
312.5675,218.1665,495.3512,0.0,305.8301,441.858,465.5914,30.0839,81.5562,407.7685,104.4917,94.9247,269.1262,551.2281,536.821,284.8441,211.8337,383.958,380.2104,566.0,451.3398,525.7781,38.9332,491.586,335.6462,79.3525,78.0722,516.3395,321.1734,227.381,48.3487,55.1929,87244.476,84567.6373,97815.4969,97437.0481,89964.2651,96459.3718,82278.7271,84453.8541,87311.3649,91067.1248,73781.4925,97766.575,83396.6786,98106.72,92929.5894,77814.93,1422395.352
369.5761,154.3881,488.8063,0.0,270.0801,424.2739,462.6631,72.866,30.7543,398.2585,140.8262,112.2567,318.5781,541.7471,566.0,276.8659,281.9524,370.1143,381.5224,534.8901,508.8835,522.8665,12.9013,546.5102,386.272,61.5654,66.211,479.223,295.6495,193.5988,57.7219,103.3906,85866.6852,87020.7093,97643.2003,90100.4399,97839.4924,96565.3757,82284.2432,97612.2979,78135.4475,88918.6433,73829.2834,98305.714,83798.9332,97765.7917,96624.5707,76645.3493,1428956.177
339.4968,127.1354,558.3478,0.0,241.7984,492.735,524.8703,37.8891,56.0425,385.8883,106.6476,98.5327,324.5364,558.2838,565.9081,313.694,242.698,334.8138,364.4574,566.0,499.6556,513.7429,39.2209,522.8817,373.7475,113.5195,89.1254,495.4103,355.8052,222.9236,2.0433,84.9254,85037.0673,91084.2134,97302.358,97916.6295,97728.598,96623.3732,93239.0273,99656.8392,81479.7888,83062.7507,78374.9647,100580.9363,91852.4703,92799.2528,98433.2997,70130.7693,1455302.339
330.7733,125.524,547.5089,24.926,248.7617,467.0109,507.6412,53.0685,1.2956,349.7,51.1403,116.5088,289.2133,530.9374,566.0,303.8527,251.788,335.7413,374.7511,566.0,510.5993,548.9183,33.4317,467.6681,384.538,148.4209,86.8117,532.4775,326.6138,190.1624,0.0,24.8155,88609.678,87803.632,96852.125,98983.4715,97808.3784,96561.7746,93541.3359,84210.978,73274.939,85083.3163,75957.4545,99240.1466,92453.9241,93752.6917,98912.6442,75159.439,1438205.929
368.5741,150.3677,507.1655,19.055,256.0883,450.9101,478.0005,1.6837,65.6274,417.5877,39.193,117.9145,253.3934,552.1795,566.0,295.8686,222.5579,355.4795,357.9925,566.0,449.6382,518.8749,42.844,489.0079,412.3196,59.3177,88.7595,487.4257,341.416,173.9064,0.0,5.8763,87066.6307,88193.7007,97527.4064,96367.4542,94543.3965,96755.2466,89363.6707,86181.6089,88664.5842,84994.3127,75688.8756,98597.4198,85260.6637,98086.6963,95903.1768,75495.1975,1438690.041
342.9641,132.7127,516.9219,14.132,240.3147,481.4243,500.0057,79.6815,53.1688,416.2907,110.0943,144.6971,255.9388,546.8621,564.0122,267.6701,227.271,322.4589,367.7077,559.8709,507.6094,485.7087,52.1874,468.2708,380.1136,95.4887,80.1583,499.1607,352.6427,180.8624,45.0216,42.5163,85568.8722,82147.1492,97553.8877,97366.008,97414.6261,96626.1832,83106.8201,84926.7662,76435.7286,85474.6994,77875.7315,95066.4304,93192.7289,97135.2572,96086.6411,76325.4645,1422302.994
390.6656,175.0606,521.5352,16.6915,256.8482,397.1016,539.0179,14.7787,67.5191,391.4482,73.9408,128.2989,254.3948,518.4991,565.6922,278.0464,195.901,303.2177,378.5655,566.0,498.5568,530.0854,53.2672,492.1872,384.5246,75.1683,59.9804,469.0185,329.9101,243.1251,6.4409,31.254,84655.6072,78302.7236,96990.8869,96548.4963,94794.6694,96662.7318,98077.7653,88768.8086,83731.1123,81971.4462,76174.8801,94745.3141,87773.989,92454.949,93502.309,73821.8621,1418977.551
314.7911,176.1098,507.5278,1.601,281.1038,428.5662,463.5913,61.4207,69.0793,381.1998,82.9546,146.9871,317.7739,534.7656,549.0322,260.7409,227.633,372.2658,327.8598,566.0,479.3848,491.8971,81.4701,472.2453,358.1356,44.9934,77.073,457.0885,356.0114,256.4395,17.5965,5.8664,83686.4142,86395.3038,97113.5966,97294.8085,97899.5061,96565.7143,86512.6763,101749.2448,76700.8872,78272.4219,74045.7946,96019.0282,90197.5115,95315.0253,96092.3737,73543.7613,1427404.068
369.9091,147.7352,561.5214,3.1624,259.2899,443.2363,482.6718,28.8948,8.4254,431.9347,96.737,144.9784,270.8917,532.2485,566.0,255.5652,226.8315,328.618,345.7622,529.8899,463.3843,474.9468,47.2912,457.5395,370.0627,73.0026,84.0298,482.5294,338.695,193.4747,4.653,0.0,88585.456,84464.5707,97050.1926,97176.5679,98615.4604,96667.6938,87929.9241,92203.2765,75541.1485,84741.4913,76537.1776,99632.2457,88889.3705,90039.129,97365.4129,75520.9948,1430960.112
430.068,159.1216,552.4629,0.0,281.6919,431.744,512.6104,27.722,55.2433,384.9454,68.2092,115.2023,281.7416,513.8652,566.0,245.5684,289.6859,364.7718,364.3663,518.6338,485.1346,473.1622,74.2037,470.0752,379.7933,90.4121,56.5541,501.015,316.693,230.6145,0.0,16.7827,87868.1653,90533.2255,96728.3763,100353.1379,98956.1237,96778.3926,93631.1774,86301.5549,84467.0414,82315.9203,76271.4478,98658.4759,90099.9216,88528.9513,99780.7209,73730.5639,1445003.197
345.1249,119.2311,505.6514,0.0,262.2006,501.2936,473.9163,38.7496,68.5068,387.2588,90.8385,112.445,319.3933,545.3611,560.4852,273.5569,289.0442,349.6374,360.5304,565.3677,447.2614,491.1666,58.2713,490.2323,367.5376,103.0789,90.929,488.8451,340.7494,230.4202,5.1918,72.9841,81977.4716,90228.4265,93030.695,96582.6233,98226.8678,96598.4161,88924.4733,95018.6313,82735.5011,83536.5073,77039.7458,98530.9137,93752.0478,98139.3946,96603.9566,73744.4316,1444670.104
422.826,165.3955,554.7673,11.9318,217.75,443.8476,514.1269,63.7863,68.7013,459.2582,89.7514,125.8724,262.7971,530.2988,566.0,239.5716,261.9894,331.9622,340.3183,566.0,509.2363,472.9102,20.7432,507.4429,397.9742,91.4016,73.1863,486.7661,347.7689,244.0697,1.6281,85.1827,87956.6476,84942.3504,97226.7831,97616.5453,97226.9532,96700.8547,97213.818,102273.7004,75627.5511,82736.5722,76998.8396,91985.7678,92687.584,85441.167,99306.7031,79728.5817,1445670.419
413.8842,162.403,525.5417,0.0,249.3424,393.239,483.2293,43.5709,76.3215,449.7103,134.629,88.021,290.3108,534.6875,532.6473,244.3511,247.45,270.5456,340.8785,566.0,509.0426,481.2953,35.8917,502.8763,348.022,85.8309,62.9967,447.9341,335.11,228.324,2.2523,96.3434,90711.7055,82217.8481,96967.0472,97279.8212,98376.8917,96879.1454,91571.0554,101414.1307,79813.47,84499.4842,71965.6159,95504.6613,89631.4474,92873.9239,97584.9984,79413.5862,1446704.833
378.7712,135.6194,492.4542,9.334,225.1987,413.1571,478.9382,39.4586,52.0369,431.4644,147.139,126.2683,255.06,537.9302,524.4228,239.7785,250.9632,314.5431,363.7348,552.094,508.5057,464.675,59.183,491.2623,387.8318,92.1747,84.8123,467.6008,354.1761,236.5843,0.0,62.9517,86600.0264,81164.3955,97444.5566,97554.9617,97181.6395,96749.8686,91165.598,99565.9293,77828.3297,87326.8801,78795.5919,89234.6495,92027.253,98657.3838,97143.8091,78682.2173,1447123.09
383.4154,150.2618,505.3851,12.7827,250.8047,431.3439,485.2911,59.3024,30.2776,449.1196,94.7485,103.382,294.8603,543.2178,566.0,281.5715,245.671,298.2322,348.9573,531.2235,501.8349,482.858,53.8833,492.1693,387.545,111.4108,78.1953,437.7633,325.9604,243.4899,1.1749,68.6649,87011.8088,85859.8831,97532.1105,99662.0982,97990.9782,96631.2122,91256.9107,101656.9223,70951.903,85707.5906,74516.5683,93690.8197,91323.2904,98285.127,96562.0066,75032.2048,1443671.434
399.0588,148.2652,493.6544,0.2362,266.4877,462.3355,498.6552,54.0134,35.8447,424.7228,119.3718,106.9288,272.2935,540.1566,558.7617,276.6305,233.749,342.6287,374.7673,558.6113,498.4263,477.1273,43.4592,481.1931,360.9255,80.7265,87.9011,475.244,323.3029,209.9413,0.0,92.8039,86310.9668,91211.9478,96972.6557,96643.8935,97794.8109,96628.3161,92070.3402,94546.436,77637.7565,88058.3669,76614.9959,99602.8755,89876.9626,97418.6213,99040.6836,79073.8131,1459503.442
396.8111,158.0064,511.9979,19.7512,273.4526,406.1885,510.8997,35.8886,62.8811,437.6894,105.0662,102.2855,270.8667,566.0,566.0,272.1458,255.7314,317.9806,365.445,550.4627,512.1568,500.779,48.5552,501.5903,358.1773,84.3432,132.1214,459.0657,330.6957,226.6257,1.3109,72.2952,89170.5352,84235.1529,97154.0507,97328.6343,98923.0036,96710.2265,92672.6995,91909.0559,82354.1326,87340.1006,74234.4104,97595.8256,88047.0179,98174.5055,98584.4176,80171.837,1454605.606
409.06,148.8819,503.716,20.5472,281.0214,436.2928,467.5008,50.5561,28.8007,427.7123,113.4792,96.955,288.4159,566.0,558.1155,286.1093,252.8624,338.678,377.1496,566.0,516.7715,497.0916,46.5032,490.4579,348.2043,105.3042,113.0834,467.1472,310.5326,220.178,23.745,74.1725,87114.4412,89470.4219,97627.6793,97044.5637,98577.6449,96656.1009,90634.4766,97853.7286,78233.8726,85227.9309,77485.4938,98667.3457,88450.3287,97924.0503,94485.7992,76512.4913,1451966.37
404.7487,141.9078,519.5422,21.8918,257.1364,427.5957,494.2674,41.7279,73.2226,403.3995,131.1707,118.042,287.1565,529.2136,566.0,294.0379,226.5358,366.346,385.9712,551.7443,548.1086,454.5512,77.1148,477.5944,399.5881,78.1046,122.4663,459.4753,337.9909,259.6338,12.4071,60.0327,83080.1636,90436.7885,96856.4469,97528.6499,96925.5572,96649.3422,91223.8467,93623.7452,80144.3606,80728.222,79420.4539,91139.1976,91326.9901,94523.2047,98009.79,74177.159,1435793.918
407.4688,171.2059,514.5362,15.995,253.9293,409.3115,474.445,40.2903,37.5602,420.2285,101.0558,121.2452,256.6716,561.0828,566.0,296.7696,236.2233,373.3893,376.8338,563.1836,537.2315,501.9946,29.4607,477.3524,356.658,99.8189,116.6682,466.429,345.9388,257.9646,0.0,81.806,88198.6156,89423.9034,97352.3889,96837.9149,97790.0956,96702.207,94928.0004,96395.4173,76179.9831,82917.8684,76135.9073,90612.7342,89745.0671,98490.6543,96699.0407,76794.4166,1445204.215
